PHOTO_NAME,LAT,LON
20070828_EBMA02_003.JPG,-27.44464775400,153.36085781700
20070828_EBMA02_004.JPG,-27.44480249830,153.35952846800
20070828_EBMA02_005.JPG,-27.44482982970,153.35950244900
20070828_EBMA02_006.JPG,-27.44486326800,153.35948889700
20070828_EBMA02_007.JPG,-27.44489952000,153.35946948400
20070828_EBMA02_008.JPG,-27.44492681620,153.35945712600
20070828_EBMA02_009.JPG,-27.44495139880,153.35944678300
20070828_EBMA02_010.JPG,-27.44496947650,153.35943834200
20070828_EBMA02_011.JPG,-27.44499695530,153.35942517500
20070828_EBMA02_012.JPG,-27.44502835340,153.35939755000
20070828_EBMA02_013.JPG,-27.44505378610,153.35937263800
20070828_EBMA02_014.JPG,-27.44508173980,153.35935036500
20070828_EBMA02_015.JPG,-27.44512245360,153.35931619400
20070828_EBMA02_016.JPG,-27.44515897650,153.35929678200
20070828_EBMA02_017.JPG,-27.44518854000,153.35928038400
20070828_EBMA02_018.JPG,-27.44520111400,153.35927060900
20070828_EBMA02_019.JPG,-27.44521161370,153.35926001800
20070828_EBMA02_020.JPG,-27.44523050700,153.35925036400
20070828_EBMA02_021.JPG,-27.44525618780,153.35923425700
20070828_EBMA02_022.JPG,-27.44528449660,153.35921431300
20070828_EBMA02_023.JPG,-27.44532354310,153.35919652800
20070828_EBMA02_024.JPG,-27.44535933900,153.35917893600
20070828_EBMA02_025.JPG,-27.44537234710,153.35917584100
20070828_EBMA02_026.JPG,-27.44537831860,153.35917080100
20070828_EBMA02_027.JPG,-27.44542864230,153.35915598700
20070828_EBMA02_028.JPG,-27.44545621080,153.35914302300
20070828_EBMA02_029.JPG,-27.44548443530,153.35912075100
20070828_EBMA02_030.JPG,-27.44552537480,153.35910408600
20070828_EBMA02_031.JPG,-27.44558621640,153.35907159800
20070828_EBMA02_032.JPG,-27.44563320860,153.35905333300
20070828_EBMA02_033.JPG,-27.44565290570,153.35904702200
20070828_EBMA02_034.JPG,-27.44569122160,153.35903247300
20070828_EBMA02_035.JPG,-27.44572710070,153.35901761300
20070828_EBMA02_036.JPG,-27.44575080350,153.35899836200
20070828_EBMA02_037.JPG,-27.44578327420,153.35897488900
20070828_EBMA02_038.JPG,-27.44580867680,153.35896161400
20070828_EBMA02_039.JPG,-27.44585135860,153.35893443000
20070828_EBMA02_040.JPG,-27.44587730890,153.35891882900
20070828_EBMA02_041.JPG,-27.44590405590,153.35890940400
20070828_EBMA02_042.JPG,-27.44595104520,153.35889225200
20070828_EBMA02_043.JPG,-27.44598140250,153.35888314200
20070828_EBMA02_044.JPG,-27.44601222890,153.35886715200
20070828_EBMA02_045.JPG,-27.44604277760,153.35885379200
20070828_EBMA02_046.JPG,-27.44608019930,153.35883590100
20070828_EBMA02_047.JPG,-27.44611680040,153.35882114400
20070828_EBMA02_048.JPG,-27.44617724900,153.35880100000
20070828_EBMA02_049.JPG,-27.44618511890,153.35879495400
20070828_EBMA02_050.JPG,-27.44621681680,153.35879111000
20070828_EBMA02_051.JPG,-27.44624842410,153.35878736700
20070828_EBMA02_052.JPG,-27.44628012200,153.35878352300
20070828_EBMA02_053.JPG,-27.44631172960,153.35877967900
20070828_EBMA02_054.JPG,-27.44634342750,153.35877583500
20070828_EBMA02_055.JPG,-27.44637503480,153.35877209200
20070828_EBMA02_056.JPG,-27.44640673270,153.35876824800
20070828_EBMA02_057.JPG,-27.44643834030,153.35876440400
20070828_EBMA02_058.JPG,-27.44647003800,153.35876066100
20070828_EBMA02_059.JPG,-27.44650164560,153.35875681700
20070828_EBMA02_060.JPG,-27.44653334350,153.35875297300
20070828_EBMA02_061.JPG,-27.44656495110,153.35874912900
20070828_EBMA02_062.JPG,-27.44659664870,153.35874538600
20070828_EBMA02_063.JPG,-27.44662825630,153.35874154200
20070828_EBMA02_064.JPG,-27.44665995420,153.35873769800
20070828_EBMA02_065.JPG,-27.44669156180,153.35873385300
20070828_EBMA02_066.JPG,-27.44672325940,153.35873011100
20070828_EBMA02_067.JPG,-27.44675486700,153.35872626600
20070828_EBMA02_068.JPG,-27.44678656490,153.35872242200
20070828_EBMA02_069.JPG,-27.44681817230,153.35871867900
20070828_EBMA02_070.JPG,-27.44684987020,153.35871483500
20070828_EBMA02_071.JPG,-27.44688147780,153.35871099100
20070828_EBMA02_072.JPG,-27.44691317560,153.35870714700
20070828_EBMA02_073.JPG,-27.44694478300,153.35870340400
20070828_EBMA02_074.JPG,-27.44697648090,153.35869956000
20070828_EBMA02_075.JPG,-27.44700808850,153.35869571500
20070828_EBMA02_076.JPG,-27.44703978610,153.35869197300
20070828_EBMA02_077.JPG,-27.44707139370,153.35868812800
20070828_EBMA02_078.JPG,-27.44710309160,153.35868428400
20070828_EBMA02_079.JPG,-27.44713469920,153.35868044000
20070828_EBMA02_080.JPG,-27.44716639680,153.35867669700
20070828_EBMA02_081.JPG,-27.44719800440,153.35867285300
20070828_EBMA02_082.JPG,-27.44722970230,153.35866900900
20070828_EBMA02_083.JPG,-27.44726130990,153.35866516500
20070828_EBMA02_084.JPG,-27.44729300750,153.35866142200
20070828_EBMA02_085.JPG,-27.44732461510,153.35865757700
20070828_EBMA02_086.JPG,-27.44735631300,153.35865373300
20070828_EBMA02_087.JPG,-27.44738792040,153.35864999000
20070828_EBMA02_088.JPG,-27.44741961820,153.35864614600
20070828_EBMA02_089.JPG,-27.44745122580,153.35864230200
20070828_EBMA02_090.JPG,-27.44748292370,153.35863845800
20070828_EBMA02_091.JPG,-27.44751453110,153.35863471500
20070828_EBMA02_092.JPG,-27.44754622890,153.35863087100
20070828_EBMA02_093.JPG,-27.44757783650,153.35862702600
20070828_EBMA02_094.JPG,-27.44760953420,153.35862328400
20070828_EBMA02_095.JPG,-27.44764114180,153.35861943900
20070828_EBMA02_096.JPG,-27.44767283960,153.35861559500
20070828_EBMA02_097.JPG,-27.44770444720,153.35861175100
20070828_EBMA02_098.JPG,-27.44773614490,153.35860800800
20070828_EBMA02_099.JPG,-27.44776775250,153.35860416400
20070828_EBMA02_100.JPG,-27.44779945030,153.35860032000
20070828_EBMA02_101.JPG,-27.44783105770,153.35859657600
20070828_EBMA02_102.JPG,-27.44786275560,153.35859273200
20070828_EBMA02_103.JPG,-27.44789436320,153.35858888800
20070828_EBMA02_104.JPG,-27.44792606100,153.35858504400
20070828_EBMA02_105.JPG,-27.44795766840,153.35858130100
20070828_EBMA02_106.JPG,-27.44798936620,153.35857745700
20070828_EBMA02_107.JPG,-27.44802097380,153.35857361200
20070828_EBMA02_108.JPG,-27.44805267170,153.35856976800
20070828_EBMA02_109.JPG,-27.44808427910,153.35856602500
20070828_EBMA02_110.JPG,-27.44811597690,153.35856218100
20070828_EBMA02_111.JPG,-27.44814758450,153.35855833700
20070828_EBMA02_112.JPG,-27.44817928210,153.35855459400
20070828_EBMA02_113.JPG,-27.44821088970,153.35855074900
20070828_EBMA02_114.JPG,-27.44824258760,153.35854690500
20070828_EBMA02_115.JPG,-27.44827419520,153.35854306100
20070828_EBMA02_116.JPG,-27.44830589280,153.35853931800
20070828_EBMA02_117.JPG,-27.44833750040,153.35853547400
20070828_EBAM04_001.JPG,-27.46474502830,153.38802897600
20070828_EBAM04_002.JPG,-27.46473568530,153.38843347600
20070828_EBAM04_003.JPG,-27.46472748990,153.38839397600
20070828_EBAM04_004.JPG,-27.46472721740,153.38836219500
20070828_EBAM04_005.JPG,-27.46471650170,153.38831995400
20070828_EBAM04_006.JPG,-27.46471542230,153.38828614600
20070828_EBAM04_007.JPG,-27.46470323570,153.38825341300
20070828_EBAM04_008.JPG,-27.46468328030,153.38822237300
20070828_EBAM04_009.JPG,-27.46468587050,153.38820001500
20070828_EBAM04_010.JPG,-27.46468561090,153.38819596500
20070828_EBAM04_011.JPG,-27.46466670840,153.38814347300
20070828_EBAM04_012.JPG,-27.46464982390,153.38811193800
20070828_EBAM04_013.JPG,-27.46463268510,153.38807443100
20070828_EBAM04_014.JPG,-27.46462238580,153.38804474000
20070828_EBAM04_015.JPG,-27.46460937840,153.38801493900
20070828_EBAM04_016.JPG,-27.46459647940,153.38797866100
20070828_EBAM04_017.JPG,-27.46458410250,153.38794936900
20070828_EBAM04_018.JPG,-27.46457212450,153.38790651500
20070828_EBAM04_019.JPG,-27.46457010000,153.38788788600
20070828_EBAM04_020.JPG,-27.46455131900,153.38785654600
20070828_EBAM04_021.JPG,-27.46453092740,153.38782004000
20070828_EBAM04_022.JPG,-27.46451313910,153.38778880500
20070828_EBAM04_023.JPG,-27.46449438490,153.38774785100
20070828_EBAM04_024.JPG,-27.46447713330,153.38771844000
20070828_EBAM04_025.JPG,-27.46446386030,153.38768671600
20070828_EBAM04_026.JPG,-27.46445355190,153.38766026400
20070828_EBAM04_027.JPG,-27.46444143760,153.38763390700
20070828_EBAM04_028.JPG,-27.46440741720,153.38762862700
20070828_EBAM04_029.JPG,-27.46438843080,153.38760619300
20070828_EBAM04_030.JPG,-27.46436413020,153.38757938900
20070828_EBAM04_031.JPG,-27.46434316190,153.38755543000
20070828_EBAM04_032.JPG,-27.46431057560,153.38752141200
20070828_EBAM04_033.JPG,-27.46429441740,153.38748836100
20070828_EBAM04_034.JPG,-27.46427472910,153.38745863800
20070828_EBAM04_035.JPG,-27.46425037300,153.38741928400
20070828_EBAM04_037.JPG,-27.46420742680,153.38734484700
20070828_EBAM04_038.JPG,-27.46418846400,153.38731391200
20070828_EBAM04_039.JPG,-27.46417365740,153.38728177700
20070828_EBAM04_040.JPG,-27.46415939890,153.38724731600
20070828_EBAM04_041.JPG,-27.46414422880,153.38721599000
20070828_EBAM04_042.JPG,-27.46413167580,153.38718507700
20070828_EBAM04_043.JPG,-27.46411956590,153.38715710200
20070828_EBAM04_044.JPG,-27.46410484720,153.38712577700
20070828_EBAM04_045.JPG,-27.46408995450,153.38709212300
20070828_EBAM04_046.JPG,-27.46407911670,153.38706121700
20070828_EBAM04_047.JPG,-27.46407267520,153.38704014300
20070828_EBAM04_048.JPG,-27.46405709220,153.38699495000
20070828_EBAM04_049.JPG,-27.46404852060,153.38696071100
20070828_EBAM04_050.JPG,-27.46403470860,153.38692797300
20070828_EBAM04_051.JPG,-27.46402161130,153.38689796900
20070828_EBAM04_052.JPG,-27.46401711170,153.38689279200
20070828_EBAM04_053.JPG,-27.46401159690,153.38689560700
20070828_EBAM04_054.JPG,-27.46400120790,153.38686561300
20070828_EBAM04_055.JPG,-27.46398829610,153.38683378800
20070828_EBAM04_056.JPG,-27.46397521450,153.38679811700
20070828_EBAM04_057.JPG,-27.46396188060,153.38675576600
20070828_EBAM04_058.JPG,-27.46395014470,153.38672313500
20070828_EBAM04_059.JPG,-27.46393895160,153.38669010200
20070828_EBAM04_060.JPG,-27.46392309940,153.38664430100
20070828_EBAM04_061.JPG,-27.46390684870,153.38661195900
20070828_EBAM04_062.JPG,-27.46389196370,153.38657547200
20070828_EBAM04_063.JPG,-27.46388005560,153.38653980500
20070828_EBAM04_064.JPG,-27.46386435950,153.38650280900
20070828_EBAM04_065.JPG,-27.46384694810,153.38646580800
20070828_EBAM04_066.JPG,-27.46383855490,153.38643227800
20070828_EBAM04_067.JPG,-27.46382699080,153.38640278600
20070828_EBAM04_068.JPG,-27.46381136390,153.38637338200
20070828_EBAM04_069.JPG,-27.46379465550,153.38634326400
20070828_EBAM04_070.JPG,-27.46379131980,153.38634163400
20070828_EBAM04_071.JPG,-27.46378707640,153.38634172000
20070828_EBAM04_072.JPG,-27.46377031770,153.38629723100
20070828_EBAM04_073.JPG,-27.46375489260,153.38626013500
20070828_EBAM04_074.JPG,-27.46374172030,153.38622456500
20070828_EBAM04_075.JPG,-27.46372790500,153.38619294000
20070828_EBAM04_076.JPG,-27.46371265210,153.38615888100
20070828_EBAM04_077.JPG,-27.46369424750,153.38612187600
20070828_EBAM04_078.JPG,-27.46367612530,153.38608072200
20070828_EBAM04_079.JPG,-27.46366483160,153.38605133300
20070828_EBAM04_080.JPG,-27.46365156900,153.38601576200
20070828_EBAM04_081.JPG,-27.46363759250,153.38597715300
20070828_EBAM04_082.JPG,-27.46361885990,153.38592820500
20070828_EBAM04_083.JPG,-27.46360840220,153.38589031600
20070828_EBAM04_084.JPG,-27.46359468620,153.38585545300
20070828_EBAM04_085.JPG,-27.46358334120,153.38581199500
20070828_EBAM04_086.JPG,-27.46357009270,153.38577126400
20070828_EBAM04_087.JPG,-27.46355317340,153.38571948700
20070828_EBAM04_088.JPG,-27.46353849400,153.38567389300
20070828_EBAM04_089.JPG,-27.46353340080,153.38565484800
20070828_EBAM04_090.JPG,-27.46352194750,153.38561786700
20070828_EBAM04_091.JPG,-27.46350886840,153.38558118400
20070828_EBAM04_092.JPG,-27.46349624010,153.38554470600
20070828_EBAM04_093.JPG,-27.46348684770,153.38551329800
20070828_EBAM04_094.JPG,-27.46347811340,153.38547248100
20070828_EBAM04_095.JPG,-27.46347459810,153.38543785600
20070828_EBAM04_096.JPG,-27.46347349480,153.38541244900
20070828_EBAM04_097.JPG,-27.46346917340,153.38537549300
20070828_EBAM04_098.JPG,-27.46346707810,153.38534967800
20070828_EBAM04_099.JPG,-27.46346760760,153.38532144200
20070828_EBAM04_100.JPG,-27.46346688190,153.38529006500
20070828_EBAM04_101.JPG,-27.46345601610,153.38523648900
20070828_EBAM04_102.JPG,-27.46345429000,153.38520774000
20070828_EBAM04_103.JPG,-27.46343862410,153.38515971300
20070828_EBAM04_104.JPG,-27.46343367180,153.38512235000
20070828_EBAM04_105.JPG,-27.46342358370,153.38508132600
20070828_EBAM04_106.JPG,-27.46341655980,153.38504223500
20070828_EBAM04_107.JPG,-27.46339893640,153.38498377700
20070828_EBAM04_108.JPG,-27.46338072220,153.38494312900
20070828_EBAM04_109.JPG,-27.46336142800,153.38490126300
20070828_EBAM04_110.JPG,-27.46334799620,153.38486144200
20070828_EBAM04_111.JPG,-27.46332968880,153.38482180600
20070828_EBAM04_112.JPG,-27.46331245920,153.38478419800
20070828_EBAM04_113.JPG,-27.46329441180,153.38474851000
20070828_EBAM04_114.JPG,-27.46327214560,153.38470400300
20070828_EBAM04_115.JPG,-27.46325365510,153.38466527700
20070828_EBAM04_116.JPG,-27.46323480820,153.38462483000
20070828_EBAM04_117.JPG,-27.46322038170,153.38458561300
20070828_EBAM04_118.JPG,-27.46320033630,153.38455416900
20070828_EBAM04_119.JPG,-27.46317830880,153.38452130100
20070828_EBAM04_120.JPG,-27.46315053360,153.38447748300
20070828_EBAM04_121.JPG,-27.46313271220,153.38445798900
20070828_EBAM04_122.JPG,-27.46311103900,153.38442755200
20070828_EBAM04_123.JPG,-27.46308350860,153.38439314700
20070828_EBAM04_124.JPG,-27.46305920590,153.38436685000
20070828_EBAM04_125.JPG,-27.46295810080,153.38426610100
20070828_EBMA03_01.JPG,-27.45407443560,153.35370970500
20070828_EBMA03_02.JPG,-27.45410085370,153.35361628100
20070828_EBMA03_03.JPG,-27.45364354910,153.35349014500
20070828_EBMA03_04.JPG,-27.45359852720,153.35344375300
20070828_EBMA03_05.JPG,-27.45357470410,153.35340400700
20070828_EBMA03_06.JPG,-27.45353507540,153.35333132100
20070828_EBMA03_07.JPG,-27.45349677560,153.35326855700
20070828_EBMA03_08.JPG,-27.45346599180,153.35319681000
20070828_EBMA03_09.JPG,-27.45343832950,153.35314015100
20070828_EBMA03_10.JPG,-27.45341929980,153.35309698000
20070828_EBMA03_11.JPG,-27.45340530970,153.35306009900
20070828_EBMA03_12.JPG,-27.45335872940,153.35298739100
20070828_EBMA03_13.JPG,-27.45332204990,153.35292645400
20070828_EBMA03_14.JPG,-27.45329137130,153.35288435900
20070828_EBMA03_15.JPG,-27.45326892500,153.35283561100
20070828_EBMA03_16.JPG,-27.45325925440,153.35280420800
20070828_EBMA03_17.JPG,-27.45323725400,153.35272196500
20070828_EBMA03_18.JPG,-27.45318178360,153.35263040600
20070828_EBMA03_19.JPG,-27.45316090340,153.35264056000
20070828_EBMA03_20.JPG,-27.45311631090,153.35260277300
20070828_EBMA03_21.JPG,-27.45308583380,153.35255238000
20070828_EBMA03_22.JPG,-27.45306818750,153.35249757500
20070828_EBMA03_23.JPG,-27.45303466910,153.35243604100
20070828_EBMA03_24.JPG,-27.45301559440,153.35237485700
20070828_EBMA03_25.JPG,-27.45299755850,153.35233128400
20070828_EBMA03_26.JPG,-27.45297029450,153.35225975100
20070828_EBMA03_27.JPG,-27.45294554430,153.35219379200
20070828_EBMA03_28.JPG,-27.45292896090,153.35214698600
20070828_EBMA03_29.JPG,-27.45291711330,153.35211962500
20070828_EBMA03_30.JPG,-27.45289908520,153.35207291500
20070828_EBMA03_31.JPG,-27.45287842910,153.35203014400
20070828_EBMA03_32.JPG,-27.45286134370,153.35196765000
20070828_EBMA03_33.JPG,-27.45283313690,153.35191190100
20070828_EBMA03_34.JPG,-27.45281008430,153.35185282900
20070828_EBMA03_35.JPG,-27.45277930160,153.35181609800
20070828_EBMA03_36.JPG,-27.45272816070,153.35172586900
20070828_EBMA03_37.JPG,-27.45271002410,153.35168634400
20070828_EBMA03_38.JPG,-27.45267056660,153.35161699900
20070828_EBMA03_39.JPG,-27.45263650550,153.35155566600
20070828_EBMA03_40.JPG,-27.45260676180,153.35150072300
20070828_EBMA03_41.JPG,-27.45257882310,153.35144598700
20070828_EBMA03_42.JPG,-27.45251256020,153.35137362300
20070828_EBWA01_002.JPG,-27.41580981610,153.43746039000
20070828_EBWA01_006.JPG,-27.41555382530,153.43753373700
20070828_EBWA01_007.JPG,-27.41553628200,153.43757180600
20070828_EBWA01_008.JPG,-27.41553224040,153.43756511300
20070828_EBWA01_009.JPG,-27.41554067520,153.43752397300
20070828_EBWA01_010.JPG,-27.41555364580,153.43747587000
20070828_EBWA01_011.JPG,-27.41556132910,153.43744403400
20070828_EBWA01_012.JPG,-27.41558328310,153.43738129800
20070828_EBWA01_013.JPG,-27.41559683010,153.43735090100
20070828_EBWA01_014.JPG,-27.41560612760,153.43732251000
20070828_EBWA01_015.JPG,-27.41561850200,153.43726297300
20070828_EBWA01_016.JPG,-27.41561633000,153.43723585300
20070828_EBWA01_017.JPG,-27.41561984970,153.43720744000
20070828_EBWA01_018.JPG,-27.41562638030,153.43716892200
20070828_EBWA01_019.JPG,-27.41563131970,153.43714840500
20070828_EBWA01_020.JPG,-27.41564017470,153.43711718000
20070828_EBWA01_021.JPG,-27.41565275000,153.43707990000
20070828_EBWA01_022.JPG,-27.41566977030,153.43703586000
20070828_EBWA01_023.JPG,-27.41567560550,153.43701757200
20070828_EBWA01_024.JPG,-27.41568373590,153.43698705300
20070828_EBWA01_025.JPG,-27.41569270810,153.43694722900
20070828_EBWA01_026.JPG,-27.41570383420,153.43691146100
20070828_EBWA01_027.JPG,-27.41571951420,153.43686296400
20070828_EBWA01_028.JPG,-27.41574289720,153.43680508900
20070828_EBWA01_029.JPG,-27.41574964340,153.43678417500
20070828_EBWA01_030.JPG,-27.41575842030,153.43674900400
20070828_EBWA01_031.JPG,-27.41576835510,153.43671889600
20070828_EBWA01_032.JPG,-27.41578182650,153.43668374400
20070828_EBWA01_033.JPG,-27.41579892570,153.43664324500
20070828_EBWA01_034.JPG,-27.41580697820,153.43660877900
20070828_EBWA01_035.JPG,-27.41581598670,153.43658615400
20070828_EBWA01_036.JPG,-27.41582539550,153.43652215400
20070828_EBWA01_037.JPG,-27.41584405170,153.43647457900
20070828_EBWA01_038.JPG,-27.41585120010,153.43644051500
20070828_EBWA01_039.JPG,-27.41585469970,153.43641847500
20070828_EBWA01_040.JPG,-27.41585090290,153.43639124700
20070828_EBWA01_041.JPG,-27.41584903550,153.43635330300
20070828_EBWA01_042.JPG,-27.41585038800,153.43632498200
20070828_EBWA01_043.JPG,-27.41584987510,153.43628694300
20070828_EBWA01_044.JPG,-27.41585103660,153.43626196000
20070828_EBWA01_045.JPG,-27.41585322880,153.43622494200
20070828_EBWA01_046.JPG,-27.41584846370,153.43618982000
20070828_EBWA01_047.JPG,-27.41584151470,153.43616015100
20070828_EBWA01_048.JPG,-27.41583882300,153.43612594700
20070828_EBWA01_050.JPG,-27.41583831350,153.43608679500
20070828_EBWA01_051.JPG,-27.41583678600,153.43605563000
20070828_EBWA01_052.JPG,-27.41583190610,153.43602829700
20070828_EBWA01_053.JPG,-27.41583193190,153.43599117000
20070828_EBWA01_054.JPG,-27.41583348640,153.43595597100
20070828_EBWA01_055.JPG,-27.41584458430,153.43590027300
20070828_EBWA01_056.JPG,-27.41585232450,153.43585012600
20070828_EBWA01_057.JPG,-27.41586371360,153.43581678600
20070828_EBWA01_058.JPG,-27.41586939050,153.43579131500
20070828_EBWA01_059.JPG,-27.41588198110,153.43574907800
20070828_EBWA01_060.JPG,-27.41589849140,153.43569471600
20070828_EBWA01_061.JPG,-27.41590654620,153.43565944200
20070828_EBWA01_062.JPG,-27.41591951550,153.43561154100
20070828_EBWA01_063.JPG,-27.41593021680,153.43556717200
20070828_EBWA01_064.JPG,-27.41594587070,153.43552686900
20070828_EBWA01_065.JPG,-27.41595752800,153.43549433900
20070828_EBWA01_066.JPG,-27.41596498540,153.43547686700
20070828_EBWA01_067.JPG,-27.41597322740,153.43543946900
20070828_EBWA01_068.JPG,-27.41598832630,153.43540341200
20070828_EBWA01_069.JPG,-27.41599153880,153.43535759800
20070828_EBWA01_070.JPG,-27.41599719640,153.43530936400
20070828_EBWA01_071.JPG,-27.41600057970,153.43526668600
20070828_EBWA01_072.JPG,-27.41600363720,153.43524161000
20070828_EBWA01_073.JPG,-27.41600403430,153.43523007800
20070828_EBWA01_074.JPG,-27.41600583360,153.43520317600
20070828_EBWA01_075.JPG,-27.41601114230,153.43517992900
20070828_EBWA01_076.JPG,-27.41601808960,153.43515233800
20070828_EBWA01_077.JPG,-27.41601735290,153.43512805600
20070828_EBWA01_078.JPG,-27.41601974280,153.43508547500
20070828_EBWA01_079.JPG,-27.41602615720,153.43505505000
20070828_EBWA01_080.JPG,-27.41603118220,153.43503594900
20070828_EBWA01_081.JPG,-27.41603896850,153.43499986400
20070828_EBWA01_082.JPG,-27.41605949750,153.43495947900
20070828_EBWA01_083.JPG,-27.41606954740,153.43492127800
20070828_EBWA01_084.JPG,-27.41607573110,153.43487800400
20070828_EBWA01_085.JPG,-27.41608323830,153.43484454800
20070828_EBWA01_086.JPG,-27.41609358390,153.43479835700
20070828_EBWA01_087.JPG,-27.41609508850,153.43475010700
20070828_EBWA01_088.JPG,-27.41609982960,153.43470622000
20070828_EBWA01_089.JPG,-27.41610590590,153.43466840900
20070828_EBWA01_090.JPG,-27.41610897840,153.43463847600
20070828_EBWA01_091.JPG,-27.41610845710,153.43460296500
20070828_EBWA01_092.JPG,-27.41611544180,153.43456333600
20070828_EBWA01_093.JPG,-27.41611239340,153.43452761300
20070828_EBWA01_094.JPG,-27.41611767160,153.43448514500
20070828_EBWA01_095.JPG,-27.41611645110,153.43444224600
20070828_EBWA01_096.JPG,-27.41611983450,153.43439946700
20070828_EBWA01_097.JPG,-27.41612161960,153.43434808300
20070828_EBWA01_098.JPG,-27.41611966380,153.43430932900
20070828_EBWA01_099.JPG,-27.41612000040,153.43425925400
20070828_EBWA01_100.JPG,-27.41611964070,153.43422981400
20070828_EBWA01_101.JPG,-27.41612259800,153.43417883800
20070828_EBWA01_102.JPG,-27.41615085470,153.43417905000
20070828_EBWA01_103.JPG,-27.41612029300,153.43416527300
20070828_EBWA01_104.JPG,-27.41611709230,153.43412044500
20070828_EBWA01_105.JPG,-27.41612326090,153.43408192500
20070828_EBWA01_106.JPG,-27.41612837690,153.43406252200
20070828_EBWA01_107.JPG,-27.41614506850,153.43400775600
20070828_EBWA01_108.JPG,-27.41615052680,153.43396539000
20070828_EBWA01_109.JPG,-27.41615448560,153.43394072100
20070828_EBWA01_110.JPG,-27.41615457240,153.43394183400
20070828_EBWA01_111.JPG,-27.41615867020,153.43393052000
20070828_EBWA01_112.JPG,-27.41618035650,153.43389529800
20070828_EBWA01_113.JPG,-27.41618871440,153.43384950300
20070828_EBWA01_114.JPG,-27.41619268420,153.43382129400
20070828_EBWA01_115.JPG,-27.41619993130,153.43378429600
20070828_EBWA01_116.JPG,-27.41620556860,153.43374243600
20070828_EBWA01_117.JPG,-27.41622717120,153.43367605500
20070828_EBWA01_118.JPG,-27.41623480390,153.43366020200
20070828_EBWA01_119.JPG,-27.41624094720,153.43365881000
20070828_EBWA01_120.JPG,-27.41625599630,153.43360960200
20070828_EBWA01_121.JPG,-27.41626474070,153.43355561400
20070828_EBWA01_122.JPG,-27.41627364490,153.43350830400
20070828_EBWA01_123.JPG,-27.41627566620,153.43346794700
20070828_EBWA01_124.JPG,-27.41627696650,153.43342718300
20070828_EBWA01_125.JPG,-27.41627317080,153.43339944900
20070828_EBWA01_126.JPG,-27.41627318990,153.43339327800
20070828_EBWA01_127.JPG,-27.41628053140,153.43338399900
20070828_EBWA01_128.JPG,-27.41627452110,153.43334260000
20070828_EBWA01_129.JPG,-27.41627747150,153.43329374900
20070828_EBWA01_130.JPG,-27.41628085860,153.43324965400
20070828_EBWA01_131.JPG,-27.41628556430,153.43321699600
20070828_EBWA01_132.JPG,-27.41629163860,153.43317969000
20070828_EBWA01_133.JPG,-27.41629817090,153.43314026200
20070828_EBWA01_134.JPG,-27.41630901930,153.43310641400
20070828_EBWA01_135.JPG,-27.41631581330,153.43306992000
20070828_EBWA01_136.JPG,-27.41632459870,153.43303171400
20070828_EBWA01_137.JPG,-27.41632484590,153.43301026800
20070828_EBWA01_138.JPG,-27.41632494780,153.43300652500
20070828_EBWA01_139.JPG,-27.41633627310,153.43299351900
20070828_EBWA01_140.JPG,-27.41633487760,153.43297773200
20070828_EBWA01_141.JPG,-27.41633500660,153.43296528900
20070828_EBWA01_142.JPG,-27.41633765630,153.43295508200
20070828_EBWA01_143.JPG,-27.41635683850,153.43291216200
20070828_EBWA01_144.JPG,-27.41635300920,153.43286611700
20070828_EBWA01_145.JPG,-27.41634729150,153.43281763700
20070828_EBWA01_146.JPG,-27.41634426650,153.43277422600
20070828_EBWA01_147.JPG,-27.41634794620,153.43272305100
20070828_EBWA01_148.JPG,-27.41635296490,153.43270587200
20070828_EBWA01_149.JPG,-27.41636156560,153.43266898100
20070828_EBWA01_150.JPG,-27.41636873600,153.43262753100
20070828_EBWA01_151.JPG,-27.41636209380,153.43258602800
20070828_EBWA01_152.JPG,-27.41635888280,153.43254433500
20070828_EBWA01_153.JPG,-27.41635774620,153.43253239400
20070828_EBWA01_154.JPG,-27.41636192800,153.43249396700
20070828_EBWA01_155.JPG,-27.41636587250,153.43244471600
20070828_EBWA01_156.JPG,-27.41637314250,153.43240023100
20070828_EBWA01_157.JPG,-27.41637388920,153.43236320800
20070828_EBWA01_158.JPG,-27.41637560110,153.43233519200
20070828_EBWA01_159.JPG,-27.41638667060,153.43228819400
20070828_EBWA01_160.JPG,-27.41639047300,153.43225563300
20070828_EBWA01_161.JPG,-27.41639482990,153.43221892800
20070828_EBWA01_162.JPG,-27.41639965610,153.43217645700
20070828_EBWA01_163.JPG,-27.41640931210,153.43214857300
20070828_EBWA01_164.JPG,-27.41641700670,153.43211269000
20070828_EBWA01_165.JPG,-27.41642402680,153.43206142700
20070828_EBWA01_166.JPG,-27.41642707490,153.43203918200
20070828_EBWA01_167.JPG,-27.41650678010,153.43201369500
20070828_EBWA01_168.JPG,-27.41651710340,153.43200351800
20070828_EBWA02_001.JPG,-27.42677378780,153.43563187400
20070828_EBWA02_002.JPG,-27.42676184490,153.43569799500
20070828_EBWA02_003.JPG,-27.42676059170,153.43569455000
20070828_EBWA02_004.JPG,-27.42676159170,153.43569232900
20070828_EBWA02_005.JPG,-27.42676277610,153.43568889300
20070828_EBWA02_006.JPG,-27.42676681810,153.43569548500
20070828_EBWA02_007.JPG,-27.42677144440,153.43568842100
20070828_EBWA02_008.JPG,-27.42675455420,153.43563321500
20070828_EBWA02_009.JPG,-27.42674532700,153.43561031400
20070828_EBWA02_010.JPG,-27.42673196270,153.43555350300
20070828_EBWA02_011.JPG,-27.42672319820,153.43546919000
20070828_EBWA02_012.JPG,-27.42671587840,153.43538478200
20070828_EBWA02_013.JPG,-27.42671049380,153.43531667100
20070828_EBWA02_014.JPG,-27.42671754740,153.43522614800
20070828_EBWA02_015.JPG,-27.42669834430,153.43513096900
20070828_EBWA02_016.JPG,-27.42666482170,153.43502460500
20070828_EBWA02_017.JPG,-27.42664195020,153.43494772500
20070828_EBWA02_018.JPG,-27.42661680460,153.43484736300
20070828_EBWA02_019.JPG,-27.42658487580,153.43472198400
20070828_EBWA02_020.JPG,-27.42655094940,153.43460024000
20070828_EBWA02_021.JPG,-27.42651609300,153.43448719400
20070828_EBWA02_022.JPG,-27.42649829560,153.43437532700
20070828_EBWA02_023.JPG,-27.42645516330,153.43431060900
20070828_EBWA02_024.JPG,-27.42644765830,153.43425645200
20070828_EBWA02_025.JPG,-27.42643928410,153.43422050300
20070828_EBWA02_026.JPG,-27.42643573550,153.43417142000
20070828_EBWA02_027.JPG,-27.42643716170,153.43411932100
20070828_EBWA02_028.JPG,-27.42643512290,153.43407823600
20070828_EBWA02_029.JPG,-27.42642390230,153.43402861700
20070828_EBWA02_030.JPG,-27.42640945180,153.43397251000
20070828_EBWA02_031.JPG,-27.42640730770,153.43390724500
20070828_EBWA02_032.JPG,-27.42642499980,153.43385005000
20070828_EBWA02_033.JPG,-27.42641643400,153.43378860400
20070828_EBWA02_034.JPG,-27.42641845010,153.43374996300
20070828_EBWA02_035.JPG,-27.42643911700,153.43366515900
20070828_EBWA02_036.JPG,-27.42644814110,153.43360833500
20070828_EBWA02_037.JPG,-27.42645442850,153.43356060500
20070828_EBWA02_038.JPG,-27.42644146470,153.43349084600
20070828_EBWA02_039.JPG,-27.42642710490,153.43343453700
20070828_EBWA02_040.JPG,-27.42641923410,153.43338179500
20070828_EBWA02_041.JPG,-27.42642611430,153.43331757600
20070828_EBWA02_042.JPG,-27.42643909390,153.43326613000
20070828_EBWA02_043.JPG,-27.42645016590,153.43324745600
20070828_EBWA02_044.JPG,-27.42646905660,153.43318217100
20070828_EBWA02_045.JPG,-27.42645604990,153.43315520800
20070828_EBWA02_046.JPG,-27.42643710940,153.43312033100
20070828_EBWA02_047.JPG,-27.42642508040,153.43309832900
20070828_EBWA02_048.JPG,-27.42644006040,153.43304223600
20070828_EBWA02_049.JPG,-27.42644856550,153.43297802400
20070828_EBWA02_050.JPG,-27.42642030270,153.43292166100
20070828_EBWA02_051.JPG,-27.42640662170,153.43285017900
20070828_EBWA02_052.JPG,-27.42638924180,153.43277787300
20070828_EBWA02_053.JPG,-27.42637431130,153.43270173200
20070828_EBWA02_054.JPG,-27.42634461040,153.43261420200
20070828_EBWA02_055.JPG,-27.42632950390,153.43253654300
20070828_EBWA02_056.JPG,-27.42631645190,153.43246597400
20070828_EBWA02_057.JPG,-27.42630494300,153.43239268000
20070828_EBWA02_058.JPG,-27.42628302800,153.43229799700
20070828_EBWA02_059.JPG,-27.42625738510,153.43224093600
20070828_EBWA02_060.JPG,-27.42623262630,153.43216081200
20070828_EBWA02_061.JPG,-27.42621695840,153.43211856100
20070828_EBWA02_062.JPG,-27.42620183540,153.43204616300
20070828_EBWA02_063.JPG,-27.42623629340,153.43202626500
20070828_EBWA02_064.JPG,-27.42616902190,153.43200151900
20070828_EBWA02_065.JPG,-27.42616555910,153.43192451300
20070828_EBWA02_066.JPG,-27.42615769120,153.43187065800
20070828_EBWA02_067.JPG,-27.42614118120,153.43180877600
20070828_EBWA02_068.JPG,-27.42612203160,153.43175386600
20070828_EBWA02_069.JPG,-27.42608487180,153.43168421500
20070828_EBWA02_070.JPG,-27.42604874490,153.43163085700
20070828_EBWA02_071.JPG,-27.42602089750,153.43158592900
20070828_EBWA02_072.JPG,-27.42599577880,153.43153443600
20070828_EBWA02_073.JPG,-27.42596861880,153.43147160200
20070828_EBWA02_074.JPG,-27.42593257140,153.43142168500
20070828_EBWA02_075.JPG,-27.42590156800,153.43137553100
20070828_EBWA02_076.JPG,-27.42586939440,153.43132825900
20070828_EBWA02_077.JPG,-27.42582676760,153.43127477500
20070828_EBWA02_078.JPG,-27.42578934820,153.43123061900
20070828_EBWA02_079.JPG,-27.42575362900,153.43119132600
20070828_EBWA02_080.JPG,-27.42572035510,153.43114951400
20070828_EBWA02_081.JPG,-27.42567720750,153.43108924900
20070828_EBWA02_082.JPG,-27.42566795520,153.43107424000
20070828_EBWA02_083.JPG,-27.42566394240,153.43105813800
20070828_EBWA02_084.JPG,-27.42565921500,153.43103960500
20070828_EBWA02_085.JPG,-27.42563867520,153.43099622300
20070828_EBWA02_086.JPG,-27.42561608160,153.43094554900
20070828_EBWA02_087.JPG,-27.42558864480,153.43088453600
20070828_EBWA02_088.JPG,-27.42555241660,153.43083461800
20070828_EBWA02_089.JPG,-27.42551736960,153.43078227700
20070828_EBWA02_090.JPG,-27.42549674920,153.43073575900
20070828_EBWA02_091.JPG,-27.42547920350,153.43068753200
20070828_EBWA02_092.JPG,-27.42546620140,153.43062971200
20070828_EBWA02_093.JPG,-27.42545281220,153.43058028800
20070828_EBWA02_094.JPG,-27.42543338560,153.43052719800
20070828_EBWA02_095.JPG,-27.42540907310,153.43050686900
20070828_EBWA02_096.JPG,-27.42540445610,153.43048176000
20070828_EBWA02_097.JPG,-27.42539197090,153.43043193500
20070828_EBWA02_098.JPG,-27.42538067830,153.43037594200
20070828_EBWA02_099.JPG,-27.42536745310,153.43033188100
20070828_EBWA02_100.JPG,-27.42535100960,153.43027748700
20070828_EBWA02_101.JPG,-27.42533787770,153.43023241400
20070828_EBWA02_102.JPG,-27.42532036280,153.43017417200
20070828_EBWA02_103.JPG,-27.42530754510,153.43014427600
20070828_EBWA02_104.JPG,-27.42529642330,153.43009142100
20070828_EBWA02_105.JPG,-27.42528421320,153.43004018000
20070828_EBWA02_106.JPG,-27.42526640860,153.42998800800
20070828_EBWA02_107.JPG,-27.42525624300,153.42994709400
20070828_EBWA02_108.JPG,-27.42523350490,153.42988458300
20070828_EBWA02_109.JPG,-27.42522397090,153.42984377300
20070828_EBWA02_110.JPG,-27.42520191180,153.42976598700
20070828_EBWA02_111.JPG,-27.42519140590,153.42971829400
20070828_EBWA02_112.JPG,-27.42518666050,153.42964694900
20070828_EBWA02_113.JPG,-27.42519996930,153.42957607900
20070828_EBWA02_114.JPG,-27.42521248110,153.42952948600
20070828_EBWA02_115.JPG,-27.42520949790,153.42944287100
20070828_EBWA02_116.JPG,-27.42520355600,153.42937890700
20070828_EBWA02_117.JPG,-27.42518641750,153.42928626800
20070828_EBWA02_118.JPG,-27.42516671330,153.42923520000
20070828_EBWA02_119.JPG,-27.42505590770,153.42927534200
20070828_EBWA03_001.JPG,-27.45255428560,153.42589671800
20070828_EBWA03_002.JPG,-27.45254113470,153.42588695300
20070828_EBWA03_003.JPG,-27.45255317380,153.42587647400
20070828_EBWA03_004.JPG,-27.45256308490,153.42585333800
20070828_EBWA03_005.JPG,-27.45256082220,153.42582570300
20070828_EBWA03_006.JPG,-27.45255668520,153.42582052600
20070828_EBWA03_007.JPG,-27.45255496830,153.42582102500
20070828_EBWA03_008.JPG,-27.45255882650,153.42579928200
20070828_EBWA03_009.JPG,-27.45256174170,153.42576114200
20070828_EBWA03_010.JPG,-27.45255317000,153.42573004100
20070828_EBWA03_011.JPG,-27.45255184240,153.42569178400
20070828_EBWA03_012.JPG,-27.45255419800,153.42565951100
20070828_EBWA03_013.JPG,-27.45255386690,153.42562014300
20070828_EBWA03_014.JPG,-27.45255531290,153.42559009300
20070828_EBWA03_015.JPG,-27.45255487940,153.42555467200
20070828_EBWA03_016.JPG,-27.45255378870,153.42552754700
20070828_EBWA03_017.JPG,-27.45255181060,153.42549535900
20070828_EBWA03_018.JPG,-27.45254692070,153.42547064800
20070828_EBWA03_019.JPG,-27.45255006650,153.42544566400
20070828_EBWA03_020.JPG,-27.45255394220,153.42541815300
20070828_EBWA03_021.JPG,-27.45255392640,153.42539376500
20070828_EBWA03_022.JPG,-27.45255465510,153.42536209200
20070828_EBWA03_023.JPG,-27.45255546870,153.42533214100
20070828_EBWA03_024.JPG,-27.45254450760,153.42528524400
20070828_EBWA03_025.JPG,-27.45253588080,153.42524260700
20070828_EBWA03_026.JPG,-27.45253051130,153.42519755400
20070828_EBWA03_027.JPG,-27.45253051640,153.42516628400
20070828_EBWA03_028.JPG,-27.45252708390,153.42513732800
20070828_EBWA03_029.JPG,-27.45252591760,153.42510534500
20070828_EBWA03_030.JPG,-27.45252752090,153.42508288500
20070828_EBWA03_031.JPG,-27.45252056540,153.42505462400
20070828_EBWA03_032.JPG,-27.45251304480,153.42503405200
20070828_EBWA03_033.JPG,-27.45249680390,153.42500140500
20070828_EBWA03_034.JPG,-27.45250013600,153.42497449900
20070828_EBWA03_035.JPG,-27.45247981680,153.42497664700
20070828_EBWA03_036.JPG,-27.45244686090,153.42500758900
20070828_EBWA03_037.JPG,-27.45241491580,153.42503276600
20070828_EBWA03_038.JPG,-27.45237936440,153.42505630900
20070828_EBWA03_039.JPG,-27.45243689340,153.42484209200
20070828_EBWA03_040.JPG,-27.45242202780,153.42483211800
20070828_EBWA03_041.JPG,-27.45236384920,153.42478574900
20070828_EBWA03_042.JPG,-27.45236522080,153.42475043600
20070828_EBWA03_043.JPG,-27.45236135160,153.42471662200
20070828_EBWA03_044.JPG,-27.45235829800,153.42468179800
20070828_EBWA03_045.JPG,-27.45236504240,153.42466087600
20070828_EBWA03_046.JPG,-27.45236794310,153.42462739100
20070828_EBWA03_047.JPG,-27.45235837590,153.42459699500
20070828_EBWA03_048.JPG,-27.45235923730,153.42455135800
20070828_EBWA03_049.JPG,-27.45236145970,153.42453305000
20070828_EBWA03_050.JPG,-27.45236342130,153.42451150200
20070828_EBWA03_051.JPG,-27.45236047820,153.42447000000
20070828_EBWA03_052.JPG,-27.45235668080,153.42444225700
20070828_EBWA03_053.JPG,-27.45235516120,153.42440764200
20070828_EBWA03_054.JPG,-27.45236050000,153.42437396400
20070828_EBWA03_055.JPG,-27.45237149320,153.42435113500
20070828_EBWA03_056.JPG,-27.45237203740,153.42432067700
20070828_EBWA03_057.JPG,-27.45238257370,153.42429966800
20070828_EBWA03_058.JPG,-27.45237652360,153.42427050000
20070828_EBWA03_059.JPG,-27.45237068420,153.42423141500
20070828_EBWA03_060.JPG,-27.45236909350,153.42419052500
20070828_EBWA03_061.JPG,-27.45237161510,153.42416290800
20070828_EBWA03_062.JPG,-27.45236276820,153.42413312200
20070828_EBWA03_063.JPG,-27.45236691690,153.42410480300
20070828_EBWA03_064.JPG,-27.45236034940,153.42406763800
20070828_EBWA03_065.JPG,-27.45234470520,153.42401687800
20070828_EBWA03_066.JPG,-27.45233803570,153.42398355900
20070828_EBWA03_067.JPG,-27.45233543760,153.42394732000
20070828_EBWA03_068.JPG,-27.45233656210,153.42390411300
20070828_EBWA03_069.JPG,-27.45232340930,153.42386530400
20070828_EBWA03_070.JPG,-27.45231839610,153.42382166900
20070828_EBWA03_071.JPG,-27.45231614310,153.42379069400
20070828_EBWA03_072.JPG,-27.45231830790,153.42376165900
20070828_EBWA03_073.JPG,-27.45232434650,153.42373526900
20070828_EBWA03_074.JPG,-27.45231812620,153.42370266000
20070828_EBWA03_075.JPG,-27.45230802270,153.42367044000
20070828_EBWA03_076.JPG,-27.45229702350,153.42363589000
20070828_EBWA03_077.JPG,-27.45229233910,153.42360288200
20070828_EBWA03_078.JPG,-27.45228972550,153.42357170300
20070828_EBWA03_079.JPG,-27.45228328660,153.42352188900
20070828_EBWA03_080.JPG,-27.45228344460,153.42349962600
20070828_EBWA03_081.JPG,-27.45228120530,153.42346409800
20070828_EBWA03_082.JPG,-27.45227742150,153.42343180100
20070828_EBWA03_083.JPG,-27.45224116760,153.42338956500
20070828_EBWA03_084.JPG,-27.45222798750,153.42335966100
20070828_EBWA03_085.JPG,-27.45222430130,153.42332493600
20070828_EBWA03_086.JPG,-27.45221837380,153.42328504200
20070828_EBWA03_087.JPG,-27.45221682420,153.42326024300
20070828_EBWA03_088.JPG,-27.45220973230,153.42321730800
20070828_EBWA03_089.JPG,-27.45220469350,153.42318207200
20070828_EBWA03_090.JPG,-27.45219694110,153.42314854600
20070828_EBWA03_091.JPG,-27.45219297380,153.42311716000
20070828_EBWA03_092.JPG,-27.45218113500,153.42309151200
20070828_EBWA03_093.JPG,-27.45217501550,153.42305536100
20070828_EBWA03_094.JPG,-27.45216963760,153.42301283700
20070828_EBWA03_095.JPG,-27.45216387680,153.42297749800
20070828_EBWA03_096.JPG,-27.45215694550,153.42294114100
20070828_EBWA03_097.JPG,-27.45214870440,153.42291985800
20070828_EBWA03_098.JPG,-27.45214060990,153.42288005700
20070828_EBWA03_099.JPG,-27.45213617680,153.42285342500
20070828_EBWA03_100.JPG,-27.45213342310,153.42280888800
20070828_EBWA03_101.JPG,-27.45213326060,153.42277316500
20070828_EBWA03_102.JPG,-27.45212759680,153.42273559900
20070828_EBWA03_103.JPG,-27.45212320170,153.42269641900
20070828_EBWA03_104.JPG,-27.45211716230,153.42266360800
20070828_EBWA03_105.JPG,-27.45211041210,153.42262705000
20070828_EBWA03_106.JPG,-27.45209810630,153.42257670800
20070828_EBWA03_107.JPG,-27.45209243510,153.42254157100
20070828_EBWA03_108.JPG,-27.45208867100,153.42250269700
20070828_EBWA03_109.JPG,-27.45208645080,153.42246079300
20070828_EBWA03_110.JPG,-27.45208261460,153.42244570000
20070828_EBWA03_111.JPG,-27.45207858030,153.42240662200
20070828_EBWA03_112.JPG,-27.45207480970,153.42236987300
20070828_EBWA03_113.JPG,-27.45207309680,153.42233930500
20070828_EBWA03_114.JPG,-27.45206797370,153.42233179700
20070828_EBWA03_115.JPG,-27.45206328570,153.42232965400
20070828_EBWA03_116.JPG,-27.45206456080,153.42229616200
20070828_EBWA03_117.JPG,-27.45206006310,153.42226103000
20070828_EBWA03_118.JPG,-27.45205026010,153.42221889500
20070828_EBWA03_119.JPG,-27.45204594230,153.42218396500
20070828_EBWA03_120.JPG,-27.45204605550,153.42214662400
20070828_EBWA03_121.JPG,-27.45204176410,153.42210299100
20070828_EBWA03_122.JPG,-27.45204156960,153.42207779200
20070828_EBWA03_123.JPG,-27.45203733990,153.42204357200
20070828_EBWA03_124.JPG,-27.45203789760,153.42200845800
20070828_EBWA03_125.JPG,-27.45203520630,153.42197302900
20070828_EBWA03_126.JPG,-27.45203880680,153.42194673200
20070828_EBWA03_127.JPG,-27.45203891070,153.42191242600
20070828_EBWA03_128.JPG,-27.45203565960,153.42188296500
20070828_EBWA03_129.JPG,-27.45202684560,153.42184214900
20070828_EBWA03_130.JPG,-27.45202334360,153.42180611000
20070828_EBWA03_131.JPG,-27.45202054650,153.42180559300
20070828_EBWA03_132.JPG,-27.45202181500,153.42180408000
20070828_EBWA03_133.JPG,-27.45201964570,153.42177512900
20070828_EBWA03_134.JPG,-27.45201415910,153.42173857600
20070828_EBWA03_135.JPG,-27.45200696390,153.42169979000
20070828_EBWA03_136.JPG,-27.45200129060,153.42166526100
20070828_EBWA03_137.JPG,-27.45199506550,153.42163406800
20070828_EBWA03_138.JPG,-27.45199022980,153.42159124300
20070828_EBWA03_139.JPG,-27.45198266950,153.42155377200
20070828_EBWA03_140.JPG,-27.45198033820,153.42151864700
20070828_EBWA03_141.JPG,-27.45197889140,153.42148959800
20070828_EBWA03_142.JPG,-27.45197853980,153.42145660700
20070828_EBWA03_143.JPG,-27.45197566470,153.42142218900
20070828_EBWA03_144.JPG,-27.45197450250,153.42138858700
20070828_EBWA03_145.JPG,-27.45197126410,153.42135487600
20070828_EBWA03_146.JPG,-27.45196741650,153.42131367400
20070828_EBWA03_147.JPG,-27.45196651980,153.42128179400
20070828_EBWA03_148.JPG,-27.45196311100,153.42124474200
20070828_EBWA03_149.JPG,-27.45196484830,153.42120761000
20070828_EBWA03_150.JPG,-27.45195952950,153.42117520600
20070828_EBWA03_151.JPG,-27.45195689860,153.42114959400
20070828_EBWA03_152.JPG,-27.45195483160,153.42111659500
20070828_EBWA03_153.JPG,-27.45195221290,153.42108693500
20070828_EBWA03_154.JPG,-27.45195240810,153.42105222500
20070828_EBWA03_155.JPG,-27.45195224070,153.42101802000
20070828_EBWA03_156.JPG,-27.45194997880,153.42098977700
20070828_EBWA03_157.JPG,-27.45193428350,153.42095551300
20070828_EBWA03_158.JPG,-27.45193246720,153.42092919500
20070828_EBWA03_159.JPG,-27.45193220850,153.42089529300
20070828_EBWA03_160.JPG,-27.45192664570,153.42085398300
20070828_EBWA03_161.JPG,-27.45191324910,153.42083581800
20070828_EBWA03_162.JPG,-27.45174872080,153.42099862600
20070829_EBMA01_002.JPG,-27.42828637450,153.36580057300
20070829_EBMA01_003.JPG,-27.42829605290,153.36582792200
20070829_EBMA01_004.JPG,-27.42829895930,153.36585565400
20070829_EBMA01_005.JPG,-27.42830374220,153.36589077800
20070829_EBMA01_006.JPG,-27.42830285220,153.36592031900
20070829_EBMA01_007.JPG,-27.42830652540,153.36596545500
20070829_EBMA01_008.JPG,-27.42830860050,153.36600036800
20070829_EBMA01_009.JPG,-27.42831526270,153.36604177100
20070829_EBMA01_010.JPG,-27.42832255950,153.36608216400
20070829_EBMA01_011.JPG,-27.42833024700,153.36611132800
20070829_EBMA01_012.JPG,-27.42834553710,153.36616753100
20070829_EBMA01_013.JPG,-27.42835552840,153.36621319400
20070829_EBMA01_014.JPG,-27.42837271890,153.36626768400
20070829_EBMA01_015.JPG,-27.42839618020,153.36634070900
20070829_EBMA01_016.JPG,-27.42840128450,153.36639090900
20070829_EBMA01_017.JPG,-27.42840668610,153.36643099300
20070829_EBMA01_018.JPG,-27.42841898140,153.36645875600
20070829_EBMA01_019.JPG,-27.42843535490,153.36648056300
20070829_EBMA01_020.JPG,-27.42845288120,153.36654466500
20070829_EBMA01_021.JPG,-27.42845540810,153.36661367500
20070829_EBMA01_022.JPG,-27.42846256770,153.36670617400
20070829_EBMA01_023.JPG,-27.42847682560,153.36674284700
20070829_EBMA01_024.JPG,-27.42849350450,153.36678580100
20070829_EBMA01_025.JPG,-27.42850195850,153.36683237000
20070829_EBMA01_026.JPG,-27.42849993830,153.36687961200
20070829_EBMA01_027.JPG,-27.42850914590,153.36691424500
20070829_EBMA01_028.JPG,-27.42851277710,153.36694096700
20070829_EBMA01_029.JPG,-27.42852354310,153.36696660100
20070829_EBMA01_030.JPG,-27.42852923440,153.36699950200
20070829_EBMA01_031.JPG,-27.42853477220,153.36705638100
20070829_EBMA01_032.JPG,-27.42853245690,153.36707853100
20070829_EBMA01_033.JPG,-27.42854954850,153.36713615700
20070829_EBMA01_034.JPG,-27.42855081500,153.36716944800
20070829_EBMA01_035.JPG,-27.42856749250,153.36721290800
20070829_EBMA01_036.JPG,-27.42858306520,153.36729875700
20070829_EBMA01_037.JPG,-27.42858224300,153.36733669500
20070829_EBMA01_038.JPG,-27.42859721100,153.36737792300
20070829_EBMA01_039.JPG,-27.42860240430,153.36742842700
20070829_EBMA01_040.JPG,-27.42859370530,153.36750913700
20070829_EBMA01_041.JPG,-27.42859895140,153.36753960900
20070829_EBMA01_042.JPG,-27.42861095350,153.36757576800
20070829_EBMA01_043.JPG,-27.42860777090,153.36761865600
20070829_EBMA01_044.JPG,-27.42860676060,153.36765942700
20070829_EBMA01_045.JPG,-27.42861844650,153.36771278600
20070829_EBMA01_046.JPG,-27.42863412510,153.36775836700
20070829_EBMA01_047.JPG,-27.42864493270,153.36780241400
20070829_EBMA01_048.JPG,-27.42866110220,153.36786722100
20070829_EBMA01_049.JPG,-27.42868306270,153.36792708900
20070829_EBMO01_001.JPG,-27.38346165970,153.37149345700
20070829_EBMO01_002.JPG,-27.38325886300,153.37174126800
20070829_EBMO01_003.JPG,-27.38324341540,153.37181271900
20070829_EBMO01_004.JPG,-27.38324037440,153.37186974900
20070829_EBMO01_005.JPG,-27.38324183670,153.37193083900
20070829_EBMO01_006.JPG,-27.38324182420,153.37200325200
20070829_EBMO01_007.JPG,-27.38324077150,153.37205947900
20070829_EBMO01_008.JPG,-27.38323858990,153.37213279500
20070829_EBMO01_009.JPG,-27.38323139920,153.37218859700
20070829_EBMO01_010.JPG,-27.38322970230,153.37224937400
20070829_EBMO01_011.JPG,-27.38322389470,153.37229435900
20070829_EBMO01_012.JPG,-27.38322667490,153.37233512600
20070829_EBMO01_013.JPG,-27.38322682780,153.37237932200
20070829_EBMO01_014.JPG,-27.38323501280,153.37242455700
20070829_EBMO01_015.JPG,-27.38323991870,153.37248070300
20070829_EBMO01_016.JPG,-27.38323760970,153.37253399400
20070829_EBMO01_017.JPG,-27.38323963680,153.37258628700
20070829_EBMO01_018.JPG,-27.38324677250,153.37261877500
20070829_EBMO01_019.JPG,-27.38324825350,153.37267268500
20070829_EBMO01_020.JPG,-27.38325090470,153.37272791400
20070829_EBMO01_021.JPG,-27.38325213250,153.37277524900
20070829_EBMO01_022.JPG,-27.38325174920,153.37281732000
20070829_EBMO01_023.JPG,-27.38325515310,153.37286112300
20070829_EBMO01_024.JPG,-27.38326253790,153.37290170300
20070829_EBMO01_025.JPG,-27.38326204280,153.37295186400
20070829_EBMO01_026.JPG,-27.38326561230,153.37300123000
20070829_EBMO01_027.JPG,-27.38326926610,153.37305282100
20070829_EBMO01_028.JPG,-27.38327706850,153.37310604400
20070829_EBMO01_029.JPG,-27.38328016060,153.37316511700
20070829_EBMO01_030.JPG,-27.38328651840,153.37321833500
20070829_EBMO01_031.JPG,-27.38329304330,153.37327661100
20070829_EBMO01_032.JPG,-27.38329722140,153.37333467600
20070829_EBMO01_033.JPG,-27.38330323640,153.37338101600
20070829_EBMO01_034.JPG,-27.38330831280,153.37340702500
20070829_EBMO01_035.JPG,-27.38331849800,153.37344690700
20070829_EBMO01_036.JPG,-27.38332767440,153.37349265000
20070829_EBMO01_037.JPG,-27.38333088150,153.37354242000
20070829_EBMO01_038.JPG,-27.38333841530,153.37359473200
20070829_EBMO01_039.JPG,-27.38334297250,153.37364602200
20070829_EBMO01_040.JPG,-27.38334692130,153.37368851200
20070829_EBMO01_041.JPG,-27.38335392990,153.37373465300
20070829_EBMO01_042.JPG,-27.38336292180,153.37378181300
20070829_EBMO01_043.JPG,-27.38336660820,153.37382116600
20070829_EBMO01_044.JPG,-27.38337192090,153.37386002000
20070829_EBMO01_045.JPG,-27.38337840800,153.37389857400
20070829_EBMO01_046.JPG,-27.38338621790,153.37394886500
20070829_EBMO01_047.JPG,-27.38339116380,153.37398984100
20070829_EBMO01_048.JPG,-27.38339894050,153.37401879200
20070829_EBMO01_049.JPG,-27.38340515270,153.37405886200
20070829_EBMO01_050.JPG,-27.38340623420,153.37409325200
20070829_EBMO01_051.JPG,-27.38340918870,153.37413614300
20070829_EBMO01_052.JPG,-27.38341576850,153.37417378700
20070829_EBMO01_053.JPG,-27.38342253910,153.37420758900
20070829_EBMO01_054.JPG,-27.38343093480,153.37424139700
20070829_EBMO01_055.JPG,-27.38343777860,153.37428157000
20070829_EBMO01_056.JPG,-27.38343929830,153.37432081600
20070829_EBMO01_057.JPG,-27.38344532230,153.37436371700
20070829_EBMO01_058.JPG,-27.38345028300,153.37439913100
20070829_EBMO01_059.JPG,-27.38345270060,153.37444020000
20070829_EBMO01_060.JPG,-27.38345990870,153.37447916100
20070829_EBMO01_061.JPG,-27.38346385160,153.37452377500
20070829_EBMO01_062.JPG,-27.38347079400,153.37456081400
20070829_EBMO01_063.JPG,-27.38347673710,153.37460017600
20070829_EBMO01_064.JPG,-27.38347653140,153.37464315700
20070829_EBMO01_065.JPG,-27.38348148170,153.37468241500
20070829_EBMO01_066.JPG,-27.38348651850,153.37472308800
20070829_EBMO01_067.JPG,-27.38349147310,153.37476072700
20070829_EBMO01_068.JPG,-27.38349937290,153.37481101800
20070829_EBMO01_069.JPG,-27.38350361040,153.37484673300
20070829_EBMO01_070.JPG,-27.38350603140,153.37488648700
20070829_EBMO01_071.JPG,-27.38351125490,153.37492483500
20070829_EBMO01_072.JPG,-27.38351863210,153.37496804400
20070829_EBMO01_073.JPG,-27.38352189110,153.37499829500
20070829_EBMO01_074.JPG,-27.38352493810,153.37504027600
20070829_EBMO01_075.JPG,-27.38352792820,153.37506981700
20070829_EBMO01_076.JPG,-27.38353360960,153.37510574000
20070829_EBMO01_077.JPG,-27.38353378550,153.37514103600
20070829_EBMO01_078.JPG,-27.38354175510,153.37516533600
20070829_EBMO01_079.JPG,-27.38354579760,153.37520641000
20070829_EBMO01_080.JPG,-27.38354749220,153.37524767900
20070829_EBMO01_081.JPG,-27.38355097310,153.37526255800
20070829_EBMO01_082.JPG,-27.38355746940,153.37529757200
20070829_EBMO01_083.JPG,-27.38356145580,153.37532590400
20070829_EBMO01_084.JPG,-27.38356424220,153.37536404100
20070829_EBMO01_085.JPG,-27.38356750000,153.37539469600
20070829_EBMO01_086.JPG,-27.38356957720,153.37542797600
20070829_EBMO01_087.JPG,-27.38357401200,153.37545742200
20070829_EBMO01_088.JPG,-27.38357503850,153.37547856200
20070829_EBMO01_089.JPG,-27.38357732020,153.37550294400
20070829_EBMO01_090.JPG,-27.38358067730,153.37553026200
20070829_EBMO01_091.JPG,-27.38358629080,153.37555778900
20070829_EBMO01_092.JPG,-27.38359051340,153.37559896600
20070829_EBMO01_093.JPG,-27.38359515920,153.37561708400
20070829_EBMO01_094.JPG,-27.38360101420,153.37565553600
20070829_EBMO01_095.JPG,-27.38360046810,153.37569072900
20070829_EBMO01_096.JPG,-27.38360065610,153.37572147500
20070829_EBMO01_097.JPG,-27.38360700170,153.37574536400
20070829_EBMO01_098.JPG,-27.38361209770,153.37576388900
20070829_EBMO01_099.JPG,-27.38361849030,153.37580385900
20070829_EBMO01_100.JPG,-27.38361984970,153.37583541800
20070829_EBMO01_101.JPG,-27.38362582650,153.37586213800
20070829_EBMO01_102.JPG,-27.38363217010,153.37588673500
20070829_EBMO01_103.JPG,-27.38363553290,153.37591192900
20070829_EBMO01_104.JPG,-27.38363725980,153.37594116300
20070829_EBMO01_105.JPG,-27.38364269950,153.37596616200
20070829_EBMO01_106.JPG,-27.38364406570,153.37599519200
20070829_EBMO01_107.JPG,-27.38364967680,153.37602363000
20070829_EBMO01_108.JPG,-27.38365075280,153.37605984000
20070829_EBMO01_109.JPG,-27.38365515800,153.37610020800
20070829_EBMO01_110.JPG,-27.38365896780,153.37612702200
20070829_EBMO01_111.JPG,-27.38366382950,153.37616546900
20070829_EBMO01_112.JPG,-27.38366696560,153.37620775500
20070829_EBMO01_113.JPG,-27.38366958270,153.37624164400
20070829_EBMO01_114.JPG,-27.38367743610,153.37627545000
20070829_EBMO01_115.JPG,-27.38367952870,153.37630296500
20070829_EBMO01_116.JPG,-27.38368369000,153.37633332000
20070829_EBMO01_117.JPG,-27.38368673760,153.37637489700
20070829_EBMO01_118.JPG,-27.38369011010,153.37639645000
20070829_EBMO01_119.JPG,-27.38369480110,153.37643125700
20070829_EBMO01_120.JPG,-27.38369695980,153.37646767300
20070829_EBMO01_121.JPG,-27.38370649610,153.37651351900
20070829_EBMO01_122.JPG,-27.38371056900,153.37654316600
20070829_EBMO01_123.JPG,-27.38372041010,153.37657637100
20070829_EBMO01_124.JPG,-27.38372293680,153.37661026000
20070829_EBMO01_125.JPG,-27.38372862490,153.37664355300
20070829_EBMO01_126.JPG,-27.38373610590,153.37668150400
20070829_EBMO01_127.JPG,-27.38374189300,153.37671156100
20070829_EBMO01_128.JPG,-27.38374669000,153.37674050200
20070829_EBMO01_129.JPG,-27.38375401500,153.37676935000
20070829_EBMO01_130.JPG,-27.38375764060,153.37679747800
20070829_EBMO01_131.JPG,-27.38376703060,153.37683058100
20070829_EBMO01_132.JPG,-27.38377147680,153.37685567800
20070829_EBMO01_133.JPG,-27.38378385960,153.37688373400
20070829_EBMO01_134.JPG,-27.38378665300,153.37691914100
20070829_EBMO01_135.JPG,-27.38379849440,153.37694709500
20070829_EBMO01_136.JPG,-27.38380922680,153.37698455100
20070829_EBMO01_137.JPG,-27.38381672200,153.37701724300
20070829_EBMO01_138.JPG,-27.38382660570,153.37703467200
20070829_EBMO01_139.JPG,-27.38383679670,153.37707202500
20070829_EBMO01_140.JPG,-27.38384375150,153.37710421000
20070829_EBMO01_141.JPG,-27.38385333490,153.37713256100
20070829_EBMO01_142.JPG,-27.38386379230,153.37717153300
20070829_EBMO01_143.JPG,-27.38387056220,153.37720533500
20070829_EBMO01_144.JPG,-27.38389813950,153.37725660300
20070829_EBMO02_01.JPG,-27.37348668200,153.37759555700
20070829_EBMO02_02.JPG,-27.37348668200,153.37759555700
20070829_EBMO02_03.JPG,-27.37311445960,153.37759480000
20070829_EBMO02_04.JPG,-27.37312859600,153.37764207300
20070829_EBMO02_05.JPG,-27.37314767960,153.37769603800
20070829_EBMO02_06.JPG,-27.37316178690,153.37775403100
20070829_EBMO02_07.JPG,-27.37318086530,153.37780991700
20070829_EBMO02_08.JPG,-27.37320280630,153.37787552100
20070829_EBMO02_09.JPG,-27.37321864610,153.37792714900
20070829_EBMO02_10.JPG,-27.37324591220,153.37799327700
20070829_EBMO02_11.JPG,-27.37326232970,153.37803155800
20070829_EBMO02_12.JPG,-27.37327207180,153.37806789500
20070829_EBMO02_13.JPG,-27.37328915960,153.37812539300
20070829_EBMO02_14.JPG,-27.37330453770,153.37818076100
20070829_EBMO02_15.JPG,-27.37331657740,153.37823541000
20070829_EBMO02_16.JPG,-27.37333465740,153.37829321400
20070829_EBMO02_17.JPG,-27.37335583220,153.37834162400
20070829_EBMO02_18.JPG,-27.37339271570,153.37842335800
20070829_EBMO02_19.JPG,-27.37342620230,153.37849264200
20070829_EBMO02_20.JPG,-27.37344662830,153.37855085900
20070829_EBMO02_21.JPG,-27.37346929060,153.37861666800
20070829_EBMO02_22.JPG,-27.37350428660,153.37869526100
20070829_EBMO02_23.JPG,-27.37351905240,153.37874334600
20070829_EBMO02_24.JPG,-27.37354154480,153.37880521100
20070829_EBMO02_25.JPG,-27.37356397210,153.37885777200
20070829_EBMO02_26.JPG,-27.37358522440,153.37891083400
20070829_EBMO02_27.JPG,-27.37360521370,153.37896358900
20070829_EBMO02_28.JPG,-27.37362888150,153.37902475000
20070829_EBMO02_29.JPG,-27.37366100480,153.37909726500
20070829_EBMO02_30.JPG,-27.37369304000,153.37916897200
20070829_EBMO02_31.JPG,-27.37371563620,153.37922578100
20070829_EBMO02_32.JPG,-27.37375520200,153.37931692900
20070829_EBMO02_33.JPG,-27.37378481520,153.37938286300
20070829_EBMO02_34.JPG,-27.37380851120,153.37943360800
20070829_EBMO02_35.JPG,-27.37383174260,153.37948920600
20070829_EBMO02_36.JPG,-27.37385557670,153.37955552500
20070829_EBMO02_37.JPG,-27.37388253320,153.37960243800
20070829_EBMO02_38.JPG,-27.37389727910,153.37965770400
20070829_EBMO02_39.JPG,-27.37391960150,153.37971552300
20070829_EBMO02_40.JPG,-27.37394580320,153.37977436700
20070829_EBMO02_41.JPG,-27.37396325160,153.37983176500
20070829_EBMO02_42.JPG,-27.37399142530,153.37989577300
20070829_EBMO02_43.JPG,-27.37401674890,153.37994551300
20070829_EBMO02_44.JPG,-27.37403881350,153.37999847700
20070829_EBMO02_45.JPG,-27.37405986010,153.38006064100
20070829_EBMO02_46.JPG,-27.37408605940,153.38012029400
20070829_EBMO02_47.JPG,-27.37411345220,153.38017267000
20070829_EBMO02_48.JPG,-27.37413886120,153.38022412900
20070829_EBMO02_49.JPG,-27.37416362700,153.38027973200
20070829_EBMO02_50.JPG,-27.37418334540,153.38033228400
20070829_EBMO02_51.JPG,-27.37420399690,153.38037371600
20070829_EBMO02_52.JPG,-27.37422508240,153.38042152000
20070829_EBMO02_53.JPG,-27.37424337180,153.38046840400
20070829_EBMO02_54.JPG,-27.37427073980,153.38052978000
20070829_EBMO02_55.JPG,-27.37429578100,153.38058366500
20070829_EBMO02_56.JPG,-27.37432136610,153.38063674300
20070829_EBMO02_57.JPG,-27.37434173980,153.38068070200
20070829_EBMO02_58.JPG,-27.37436410370,153.38072315000
20070829_EBMO02_59.JPG,-27.37438403700,153.38076306300
20070829_EBMO02_60.JPG,-27.37440233940,153.38080509300
20070829_EBMO02_61.JPG,-27.37443333540,153.38086031300
20070829_EBMO02_62.JPG,-27.37446613910,153.38091473100
20070829_EBMO02_63.JPG,-27.37449008020,153.38097468000
20070829_EBMO02_64.JPG,-27.37451375100,153.38103442600
20070829_EBMO02_65.JPG,-27.37453616980,153.38108981900
20070829_EBMO02_66.JPG,-27.37455509940,153.38113357000
20070829_EBMO02_67.JPG,-27.37457069470,153.38117508600
20070829_EBMO02_68.JPG,-27.37459680960,153.38123241300
20070829_EBMO02_69.JPG,-27.37462002150,153.38129488800
20070829_EBMO02_70.JPG,-27.37464669630,153.38134554300
20070829_EBMO02_71.JPG,-27.37466742450,153.38139182900
20070829_EBMO02_72.JPG,-27.37468607490,153.38143861400
20070829_EBMO02_73.JPG,-27.37470427130,153.38148630700
20070829_EBMO02_74.JPG,-27.37472958910,153.38153796900
20070829_EBMO02_75.JPG,-27.37475634240,153.38159287100
20070829_EBMO02_76.JPG,-27.37477964800,153.38165403200
20070829_EBMO02_77.JPG,-27.37479759680,153.38169323000
20070829_EBMO02_78.JPG,-27.37482561510,153.38174773300
20070829_EBMO02_79.JPG,-27.37484452730,153.38179775400
20070829_EBMO02_80.JPG,-27.37486756890,153.38185638600
20070829_EBMO02_81.JPG,-27.37489412030,153.38191907500
20070829_EBMO02_82.JPG,-27.37491151900,153.38196130500
20070829_EBMO02_83.JPG,-27.37492674270,153.38200656100
20070829_EBMO02_84.JPG,-27.37494664550,153.38205749600
20070829_EBMO02_85.JPG,-27.37496874090,153.38209893300
20070829_EBMO02_86.JPG,-27.37497984280,153.38213284900
20070829_EBMO02_87.JPG,-27.37503157080,153.38223263700
20070829_EBMO03_002.JPG,-27.36578497000,153.38985112500
20070829_EBMO03_003.JPG,-27.36581583370,153.38982312200
20070829_EBMO03_004.JPG,-27.36584109730,153.38979611100
20070829_EBMO03_005.JPG,-27.36585723190,153.38977291000
20070829_EBMO03_006.JPG,-27.36588133820,153.38974003000
20070829_EBMO03_007.JPG,-27.36590036000,153.38971744600
20070829_EBMO03_008.JPG,-27.36592518010,153.38968760200
20070829_EBMO03_009.JPG,-27.36594578600,153.38964732700
20070829_EBMO03_010.JPG,-27.36596440810,153.38960623700
20070829_EBMO03_011.JPG,-27.36597531440,153.38958018600
20070829_EBMO03_012.JPG,-27.36597868300,153.38957008600
20070829_EBMO03_013.JPG,-27.36600134300,153.38953780700
20070829_EBMO03_014.JPG,-27.36601303980,153.38951964700
20070829_EBMO03_015.JPG,-27.36603797520,153.38948080300
20070829_EBMO03_016.JPG,-27.36605483320,153.38945720100
20070829_EBMO03_017.JPG,-27.36605918880,153.38944922700
20070829_EBMO03_018.JPG,-27.36608040240,153.38941765100
20070829_EBMO03_019.JPG,-27.36610477160,153.38938760300
20070829_EBMO03_020.JPG,-27.36612938080,153.38936857800
20070829_EBMO03_021.JPG,-27.36615764660,153.38933328500
20070829_EBMO03_022.JPG,-27.36618058310,153.38929898500
20070829_EBMO03_023.JPG,-27.36620803860,153.38926288000
20070829_EBMO03_024.JPG,-27.36624103980,153.38921294100
20070829_EBMO03_025.JPG,-27.36625845370,153.38918418300
20070829_EBMO03_026.JPG,-27.36628766990,153.38913180400
20070829_EBMO03_027.JPG,-27.36631508560,153.38907759900
20070829_EBMO03_028.JPG,-27.36632745540,153.38904467700
20070829_EBMO03_029.JPG,-27.36633765480,153.38901306300
20070829_EBMO03_030.JPG,-27.36634920740,153.38898185700
20070829_EBMO03_031.JPG,-27.36635960000,153.38894569300
20070829_EBMO03_032.JPG,-27.36637407920,153.38890094700
20070829_EBMO03_033.JPG,-27.36638974410,153.38885185800
20070829_EBMO03_034.JPG,-27.36642291870,153.38880444800
20070829_EBMO03_035.JPG,-27.36647634130,153.38874790700
20070829_EBMO03_036.JPG,-27.36649357240,153.38871995700
20070829_EBMO03_037.JPG,-27.36652276590,153.38867566700
20070829_EBMO03_038.JPG,-27.36654445830,153.38863418300
20070829_EBMO03_039.JPG,-27.36657485430,153.38857948200
20070829_EBMO03_040.JPG,-27.36660924940,153.38851518900
20070829_EBMO03_041.JPG,-27.36663347750,153.38847088200
20070829_EBMO03_042.JPG,-27.36665204600,153.38844890300
20070829_EBMO03_043.JPG,-27.36667061570,153.38842651900
20070829_EBMO03_044.JPG,-27.36671191920,153.38837772100
20070829_EBMO03_045.JPG,-27.36674292100,153.38833242700
20070829_EBMO03_046.JPG,-27.36675250940,153.38832568500
20070829_EBMO03_047.JPG,-27.36677206790,153.38827236200
20070829_EBMO03_048.JPG,-27.36680312590,153.38820684400
20070829_EBMO03_049.JPG,-27.36684746410,153.38813803500
20070829_EBMO03_050.JPG,-27.36690355720,153.38806259200
20070829_EBMO03_051.JPG,-27.36694171060,153.38801024400
20070829_EBMO03_052.JPG,-27.36695165340,153.38800593100
20070829_EBMO03_053.JPG,-27.36700942540,153.38794353900
20070829_EBMO03_054.JPG,-27.36705988040,153.38788273900
20070829_EBMO03_055.JPG,-27.36709433620,153.38782896300
20070829_EBMO03_056.JPG,-27.36707984500,153.38781313700
20070829_EBMO03_057.JPG,-27.36713756920,153.38783295600
20070829_EBMO03_058.JPG,-27.36715661150,153.38780288800
20070829_EBMO03_059.JPG,-27.36717790930,153.38774087500
20070829_EBMO03_060.JPG,-27.36719323120,153.38768511000
20070829_EBMO03_061.JPG,-27.36721633290,153.38762370900
20070829_EBMO03_062.JPG,-27.36723751430,153.38760355900
20070829_EBMO03_063.JPG,-27.36724410410,153.38760378400
20070829_EBMO03_064.JPG,-27.36724437920,153.38760226800
20070829_EBMO03_065.JPG,-27.36725149230,153.38757660900
20070829_EBMO03_066.JPG,-27.36726222470,153.38754802900
20070829_EBMO03_067.JPG,-27.36727512540,153.38751885000
20070829_EBMO03_068.JPG,-27.36729456110,153.38747715500
20070829_EBMO03_069.JPG,-27.36731368910,153.38744870600
20070829_EBMO03_070.JPG,-27.36736038680,153.38740791500
20070829_EBMO03_071.JPG,-27.36738660100,153.38736351300
20070829_EBMO03_072.JPG,-27.36739453130,153.38733613700
20070829_EBMO03_073.JPG,-27.36741269930,153.38732831300
20070829_EBMO03_074.JPG,-27.36743324090,153.38731099200
20070829_EBMO03_075.JPG,-27.36745745060,153.38727315600
20070829_EBMO03_076.JPG,-27.36749333390,153.38722545100
20070829_EBMO03_077.JPG,-27.36752462010,153.38717510000
20070829_EBMO03_078.JPG,-27.36755526710,153.38712737700
20070829_EBMO03_079.JPG,-27.36758140800,153.38707680600
20070829_EBMO03_080.JPG,-27.36760764250,153.38702502300
20070829_EBMO03_081.JPG,-27.36763564670,153.38698618900
20070829_EBMO03_082.JPG,-27.36765649330,153.38695653200
20070829_EBMO03_083.JPG,-27.36768311520,153.38692780500
20070829_EBMO03_084.JPG,-27.36770730580,153.38689684500
20070829_EBMO03_085.JPG,-27.36773965680,153.38685317200
20070829_EBMO03_086.JPG,-27.36776817660,153.38682374400
20070829_EBMO03_087.JPG,-27.36779481470,153.38678915200
20070829_EBMO03_088.JPG,-27.36781867440,153.38674727000
20070829_EBMO03_089.JPG,-27.36783613380,153.38670192800
20070829_EBMO03_090.JPG,-27.36785662850,153.38666893200
20070829_EBMO03_091.JPG,-27.36786170790,153.38666035500
20070829_EBMO03_092.JPG,-27.36788210220,153.38663100000
20070829_EBMO03_093.JPG,-27.36791303300,153.38657852400
20070829_EBMO03_094.JPG,-27.36793297540,153.38654937000
20070829_EBMO03_095.JPG,-27.36795059760,153.38651039800
20070829_EBMO03_096.JPG,-27.36797100530,153.38647618900
20070829_EBMO04_002.JPG,-27.35490936380,153.40025961600
20070829_EBMO04_003.JPG,-27.35493561530,153.40026658600
20070829_EBMO04_004.JPG,-27.35497276950,153.40028097600
20070829_EBMO04_005.JPG,-27.35500273030,153.40028522900
20070829_EBMO04_006.JPG,-27.35502854350,153.40028764700
20070829_EBMO04_007.JPG,-27.35505343700,153.40029592700
20070829_EBMO04_008.JPG,-27.35508574450,153.40030039100
20070829_EBMO04_009.JPG,-27.35510747720,153.40030906300
20070829_EBMO04_010.JPG,-27.35511080620,153.40031301800
20070829_EBMO04_011.JPG,-27.35514267180,153.40031414400
20070829_EBMO04_012.JPG,-27.35517232140,153.40030100500
20070829_EBMO04_013.JPG,-27.35520962140,153.40029598300
20070829_EBMO04_014.JPG,-27.35524027060,153.40031206800
20070829_EBMO04_015.JPG,-27.35526440890,153.40033187100
20070829_EBMO04_016.JPG,-27.35525099580,153.40031837600
20070829_EBMO04_017.JPG,-27.35526519830,153.40030841700
20070829_EBMO04_018.JPG,-27.35530394710,153.40033342900
20070829_EBMO04_019.JPG,-27.35532017470,153.40034137400
20070829_EBMO04_020.JPG,-27.35533731410,153.40034618800
20070829_EBMO04_021.JPG,-27.35536572570,153.40035549100
20070829_EBMO04_022.JPG,-27.35540162400,153.40036704500
20070829_EBMO04_023.JPG,-27.35542323540,153.40038653600
20070829_EBMO04_024.JPG,-27.35545487730,153.40040272600
20070829_EBMO04_025.JPG,-27.35546613460,153.40041237200
20070829_EBMO04_026.JPG,-27.35546666820,153.40041520500
20070829_EBMO04_027.JPG,-27.35550409810,153.40042787700
20070829_EBMO04_028.JPG,-27.35553551760,153.40042718100
20070829_EBMO04_029.JPG,-27.35558426370,153.40042897400
20070829_EBMO04_030.JPG,-27.35561410370,153.40044384400
20070829_EBMO04_031.JPG,-27.35561816950,153.40044274600
20070829_EBMO04_032.JPG,-27.35562096090,153.40044528400
20070829_EBMO04_033.JPG,-27.35561635120,153.40044718800
20070829_EBMO04_034.JPG,-27.35561697610,153.40044961700
20070829_EBMO04_035.JPG,-27.35565034550,153.40046156700
20070829_EBMO04_036.JPG,-27.35568353140,153.40047452700
20070829_EBMO04_037.JPG,-27.35572267370,153.40048821700
20070829_EBMO04_038.JPG,-27.35575277010,153.40050814300
20070829_EBMO04_039.JPG,-27.35578431300,153.40052736600
20070829_EBMO04_040.JPG,-27.35579269650,153.40053174400
20070829_EBMO04_041.JPG,-27.35583364240,153.40054614800
20070829_EBMO04_042.JPG,-27.35586205220,153.40055605700
20070829_EBMO04_043.JPG,-27.35589036820,153.40056718000
20070829_EBMO04_044.JPG,-27.35591706970,153.40057465700
20070829_EBMO04_045.JPG,-27.35595036000,153.40058266400
20070829_EBMO04_046.JPG,-27.35598040070,153.40059055700
20070829_EBMO04_047.JPG,-27.35602164750,153.40059444700
20070829_EBMO04_048.JPG,-27.35604986690,153.40060779400
20070829_EBMO04_049.JPG,-27.35608747120,153.40062259000
20070829_EBMO04_050.JPG,-27.35610983170,153.40063268000
20070829_EBMO04_051.JPG,-27.35613959020,153.40064451600
20070829_EBMO04_052.JPG,-27.35617556170,153.40066203700
20070829_EBMO04_053.JPG,-27.35621089600,153.40068137500
20070829_EBMO04_054.JPG,-27.35625472350,153.40069831700
20070829_EBMO04_055.JPG,-27.35627429230,153.40070597000
20070829_EBMO04_056.JPG,-27.35630666630,153.40071872600
20070829_EBMO04_057.JPG,-27.35633553380,153.40072641300
20070829_EBMO04_058.JPG,-27.35637233290,153.40073867900
20070829_EBMO04_059.JPG,-27.35640621350,153.40076124700
20070829_EBMO04_060.JPG,-27.35644129200,153.40077532700
20070829_EBMO04_061.JPG,-27.35648718950,153.40079450100
20070829_EBMO04_062.JPG,-27.35652567980,153.40081516500
20070829_EBMO04_063.JPG,-27.35655759940,153.40082892900
20070829_EBMO04_064.JPG,-27.35654474240,153.40087337200
20070829_EBMO04_065.JPG,-27.35659272910,153.40082521400
20070829_EBMO04_066.JPG,-27.35662392070,153.40084099800
20070829_EBMO04_067.JPG,-27.35665817100,153.40086053500
20070829_EBMO04_068.JPG,-27.35668900500,153.40087510400
20070829_EBMO04_069.JPG,-27.35671362070,153.40088581000
20070829_EBMO04_070.JPG,-27.35675328890,153.40090496100
20070829_EBMO04_071.JPG,-27.35678626320,153.40092874000
20070829_EBMO04_072.JPG,-27.35681176540,153.40094511100
20070829_EBMO04_073.JPG,-27.35684051280,153.40096321200
20070829_EBMO04_074.JPG,-27.35687078590,153.40098445300
20070829_EBMO04_075.JPG,-27.35690133920,153.40100246000
20070829_EBMO04_076.JPG,-27.35693117940,153.40101722800
20070829_EBMO04_077.JPG,-27.35696398990,153.40103514200
20070829_EBMO04_078.JPG,-27.35700435110,153.40106450800
20070829_EBMO04_079.JPG,-27.35703542910,153.40108838100
20070829_EBMO04_080.JPG,-27.35706615220,153.40111013000
20070829_EBMO04_081.JPG,-27.35708894110,153.40112821000
20070829_EBMO04_082.JPG,-27.35711703820,153.40115267900
20070829_EBMO04_083.JPG,-27.35714857860,153.40117271100
20070829_EBMO04_084.JPG,-27.35718381530,153.40119457700
20070829_EBMO04_085.JPG,-27.35722200890,153.40122423900
20070829_EBMO04_086.JPG,-27.35725372640,153.40124548600
20070829_EBMO04_087.JPG,-27.35729799650,153.40126546300
20070829_EBMO04_088.JPG,-27.35732764570,153.40128387100
20070829_EBMO04_089.JPG,-27.35736172420,153.40130037400
20070829_EBMO04_090.JPG,-27.35739480660,153.40131788400
20070829_EBMO04_091.JPG,-27.35742798430,153.40133367600
20070829_EBMO04_092.JPG,-27.35746662450,153.40136495800
20070829_EBMO04_093.JPG,-27.35749915080,153.40138752200
20070829_EBMO04_094.JPG,-27.35752482690,153.40140621900
20070829_EBMO04_095.JPG,-27.35756049720,153.40143425400
20070829_EBMO04_096.JPG,-27.35758770010,153.40145568700
20070829_EBMO04_097.JPG,-27.35761500410,153.40147337800
20070829_EBMO04_098.JPG,-27.35765210610,153.40150586800
20070829_EBMO04_099.JPG,-27.35768438210,153.40152125200
20070829_EBMO04_100.JPG,-27.35772601660,153.40154728700
20070829_EBMO04_101.JPG,-27.35775691810,153.40156974400
20070829_EBMO04_102.JPG,-27.35777699100,153.40159044300
20070829_EBMO04_103.JPG,-27.35781090120,153.40163404300
20070829_EBMO04_104.JPG,-27.35784657470,153.40166096700
20070829_EBMO04_105.JPG,-27.35788747680,153.40169053800
20070829_EBMO04_106.JPG,-27.35792566150,153.40172323300
20070829_EBMO04_107.JPG,-27.35795827470,153.40174691000
20070829_EBMO04_108.JPG,-27.35799715460,153.40178901200
20070829_EBMO04_109.JPG,-27.35801586770,153.40181162700
20070829_EBMO04_110.JPG,-27.35803403920,153.40183424100
20070829_EBMO04_111.JPG,-27.35806398200,153.40187610800
20070829_EBMO04_112.JPG,-27.35809312300,153.40191423100
20070829_EBMO04_113.JPG,-27.35812305500,153.40195984000
20070829_EBMO04_114.JPG,-27.35816488310,153.40201267000
20070829_EBMO04_115.JPG,-27.35820352700,153.40204263800
20070829_EBMO04_116.JPG,-27.35823892400,153.40207148100
20070829_EBMO04_117.JPG,-27.35829110120,153.40210443000
20070829_EBMO04_118.JPG,-27.35834672780,153.40213092000
20070829_EBMO04_119.JPG,-27.35836312880,153.40214129300
20070829_EBMO04_120.JPG,-27.35838816940,153.40216120100
20070829_EBMO04_121.JPG,-27.35843080820,153.40218329700
20070829_EBMO04_122.JPG,-27.35848570840,153.40221120000
20070829_EBMO04_123.JPG,-27.35852734100,153.40223784100
20070829_EBMO04_124.JPG,-27.35857582320,153.40226855300
20070829_EBMO04_125.JPG,-27.35861853890,153.40229529900
20070829_EBMO04_126.JPG,-27.35866450950,153.40232033900
20070829_EBMO04_127.JPG,-27.35869651000,153.40233734100
20070829_EBMO04_128.JPG,-27.35874193780,153.40236278300
20070829_EBMO04_129.JPG,-27.35877872160,153.40238030700
20070829_EBMO04_130.JPG,-27.35882152780,153.40240695300
20070829_EBMO04_131.JPG,-27.35886733510,153.40242602700
20070829_EBMO04_132.JPG,-27.35889920620,153.40242523200
20070829_EBMO05_001.JPG,-27.36301453450,153.37940135300
20070829_EBMO05_002.JPG,-27.36310222190,153.37962451300
20070829_EBMO05_003.JPG,-27.36309352930,153.37966715400
20070829_EBMO05_004.JPG,-27.36309228060,153.37969475500
20070829_EBMO05_005.JPG,-27.36309744090,153.37972268100
20070829_EBMO05_006.JPG,-27.36310405800,153.37974606100
20070829_EBMO05_007.JPG,-27.36309875220,153.37977162500
20070829_EBMO05_008.JPG,-27.36309579980,153.37979497300
20070829_EBMO05_009.JPG,-27.36308737800,153.37983761600
20070829_EBMO05_010.JPG,-27.36308005330,153.37987520600
20070829_EBMO05_011.JPG,-27.36306850700,153.37990489500
20070829_EBMO05_012.JPG,-27.36305506640,153.37993397100
20070829_EBMO05_013.JPG,-27.36304742840,153.37995396600
20070829_EBMO05_014.JPG,-27.36304168060,153.37997609000
20070829_EBMO05_015.JPG,-27.36303366530,153.38000205000
20070829_EBMO05_016.JPG,-27.36303028700,153.38008232500
20070829_EBMO05_017.JPG,-27.36303817070,153.38013786500
20070829_EBMO05_018.JPG,-27.36304796540,153.38018785000
20070829_EBMO05_019.JPG,-27.36305425130,153.38023337400
20070829_EBMO05_020.JPG,-27.36305632960,153.38026583900
20070829_EBMO05_021.JPG,-27.36305820560,153.38030629200
20070829_EBMO05_022.JPG,-27.36305833900,153.38032358400
20070829_EBMO05_023.JPG,-27.36306124470,153.38035059200
20070829_EBMO05_024.JPG,-27.36306530640,153.38038407500
20070829_EBMO05_025.JPG,-27.36306276830,153.38042097400
20070829_EBMO05_026.JPG,-27.36306457490,153.38045374200
20070829_EBMO05_027.JPG,-27.36307971770,153.38049575700
20070829_EBMO05_028.JPG,-27.36307742130,153.38051020900
20070829_EBMO05_029.JPG,-27.36308354950,153.38054733900
20070829_EBMO05_030.JPG,-27.36309597730,153.38059177200
20070829_EBMO05_031.JPG,-27.36310767270,153.38063994300
20070829_EBMO05_032.JPG,-27.36311323480,153.38068597100
20070829_EBMO05_033.JPG,-27.36312143770,153.38072371500
20070829_EBMO05_034.JPG,-27.36313141630,153.38077238600
20070829_EBMO05_035.JPG,-27.36314053520,153.38080528000
20070829_EBMO05_036.JPG,-27.36315548380,153.38085225000
20070829_EBMO05_037.JPG,-27.36317468110,153.38089721100
20070829_EBMO05_038.JPG,-27.36318972750,153.38094145000
20070829_EBMO05_039.JPG,-27.36320665290,153.38099186400
20070829_EBMO05_040.JPG,-27.36322281290,153.38102498500
20070829_EBMO05_041.JPG,-27.36322832160,153.38105746200
20070829_EBMO05_042.JPG,-27.36325128600,153.38111143600
20070829_EBMO05_043.JPG,-27.36327852000,153.38115571700
20070829_EBMO05_044.JPG,-27.36329919870,153.38118713400
20070829_EBMO05_045.JPG,-27.36332146120,153.38123362300
20070829_EBMO05_046.JPG,-27.36334492050,153.38127162200
20070829_EBMO05_047.JPG,-27.36336874070,153.38130972400
20070829_EBMO05_048.JPG,-27.36339571900,153.38134844300
20070829_EBMO05_049.JPG,-27.36340745580,153.38138134600
20070829_EBMO05_050.JPG,-27.36341619380,153.38142141800
20070829_EBMO05_051.JPG,-27.36344128420,153.38145719800
20070829_EBMO05_052.JPG,-27.36346196050,153.38152249000
20070829_EBMO05_053.JPG,-27.36349121670,153.38155353200
20070829_EBMO05_054.JPG,-27.36351930730,153.38158163700
20070829_EBMO05_055.JPG,-27.36353056680,153.38159097900
20070829_EBMO05_056.JPG,-27.36355665600,153.38162463900
20070829_EBMO05_057.JPG,-27.36356399510,153.38164802200
20070829_EBMO05_058.JPG,-27.36358035120,153.38167538000
20070829_EBMO05_059.JPG,-27.36359621650,153.38171719600
20070829_EBMO05_060.JPG,-27.36361615540,153.38175498100
20070829_EBMO05_061.JPG,-27.36363870790,153.38179439200
20070829_EBMO05_062.JPG,-27.36365872320,153.38183723400
20070829_EBMO05_063.JPG,-27.36369326940,153.38191460600
20070829_EBMO05_064.JPG,-27.36372085210,153.38196333800
20070829_EBMO05_065.JPG,-27.36374294160,153.38200699500
20070829_EBMO05_066.JPG,-27.36376882630,153.38204935100
20070829_EBMO05_067.JPG,-27.36379418880,153.38208462600
20070829_EBMO05_068.JPG,-27.36381303200,153.38212685700
20070829_EBMO05_069.JPG,-27.36383270490,153.38216282100
20070829_EBMO05_070.JPG,-27.36384030670,153.38218913800
20070829_EBMO05_071.JPG,-27.36386329670,153.38223360700
20070829_EBMO05_072.JPG,-27.36388816420,153.38228475700
20070829_EBMO05_073.JPG,-27.36391330290,153.38233580600
20070829_EBMO05_074.JPG,-27.36393304360,153.38237996100
20070829_EBMO05_075.JPG,-27.36395866540,153.38241938400
20070829_EBMO05_076.JPG,-27.36399191670,153.38247501100
20070829_EBMO05_077.JPG,-27.36402361790,153.38253619500
20070829_EBMO05_078.JPG,-27.36403162610,153.38257889400
20070829_EBMO05_079.JPG,-27.36404621970,153.38262343600
20070829_EBMO05_080.JPG,-27.36406641390,153.38266678400
20070829_EBMO05_081.JPG,-27.36407354870,153.38269876100
20070829_EBMO05_082.JPG,-27.36408391800,153.38273641300
20070829_EBMO05_083.JPG,-27.36408819230,153.38275796500
20070829_EBMO05_084.JPG,-27.36410623890,153.38279432900
20070829_EBMO05_085.JPG,-27.36412408580,153.38283766800
20070829_EBMO05_086.JPG,-27.36413815730,153.38287502900
20070829_EBMO05_087.JPG,-27.36416279180,153.38291232500
20070829_EBMO05_088.JPG,-27.36418103280,153.38294363300
20070829_EBMO05_089.JPG,-27.36420673840,153.38298538200
20070829_EBMO05_090.JPG,-27.36421621280,153.38302009800
20070829_EBMO05_091.JPG,-27.36422946490,153.38305998400
20070829_EBMO05_092.JPG,-27.36424904450,153.38309695900
20070829_EBMO05_093.JPG,-27.36427050380,153.38313980600
20070829_EBMO05_094.JPG,-27.36429295010,153.38318488000
20070829_EBMO05_095.JPG,-27.36432011870,153.38321985900
20070829_EBMO05_096.JPG,-27.36434611340,153.38325493600
20070829_EBMO05_097.JPG,-27.36436879070,153.38328160800
20070829_EBMO05_098.JPG,-27.36438957200,153.38330837400
20070829_EBMO05_099.JPG,-27.36440864900,153.38333109000
20070829_EBMO05_100.JPG,-27.36443345440,153.38337182500
20070829_EBMO05_101.JPG,-27.36444614440,153.38341909100
20070829_EBMO05_102.JPG,-27.36446146080,153.38346333200
20070829_EBMO05_103.JPG,-27.36448156700,153.38350577000
20070829_EBMO05_104.JPG,-27.36449634410,153.38354909900
20070829_EBMO05_105.JPG,-27.36451410140,153.38359213500
20070829_EBMO05_106.JPG,-27.36452616380,153.38363778100
20070829_EBMO05_107.JPG,-27.36453850220,153.38368150600
20070829_EBMO05_108.JPG,-27.36455435220,153.38372868200
20070829_EBMO05_109.JPG,-27.36457247740,153.38376919200
20070829_EBMO05_110.JPG,-27.36459710880,153.38380749900
20070829_EBMO05_111.JPG,-27.36462253580,153.38385197700
20070829_EBMO05_112.JPG,-27.36465119170,153.38390415200
20070829_EBMO05_113.JPG,-27.36465804090,153.38394138700
20070829_EBMO05_114.JPG,-27.36466768540,153.38397984500
20070829_EBMO05_115.JPG,-27.36468381910,153.38402226900
20070829_EBMO05_116.JPG,-27.36469472330,153.38406224800
20070829_EBMO05_117.JPG,-27.36469764770,153.38408217900
20070829_EBMO05_118.JPG,-27.36471712420,153.38412370400
20070829_EBMO05_119.JPG,-27.36472632530,153.38415922900
20070829_EBMO05_120.JPG,-27.36473739500,153.38420466900
20070829_EBMO05_121.JPG,-27.36475164700,153.38424192900
20070829_EBMO05_122.JPG,-27.36476760180,153.38428374600
20070829_EBMO05_123.JPG,-27.36479112970,153.38432933100
20070829_EBMO05_124.JPG,-27.36481007080,153.38436852900
20070829_EBMO05_125.JPG,-27.36481937250,153.38440031200
20070829_EBMO05_126.JPG,-27.36482543960,153.38442642100
20070829_EBMO05_127.JPG,-27.36483181390,153.38447214900
20070829_EBMO05_128.JPG,-27.36483358520,153.38451735500
20070829_EBMO05_129.JPG,-27.36483811150,153.38454568300
20070829_EBMO05_130.JPG,-27.36483670240,153.38456559900
20070829_EBMO05_131.JPG,-27.36483768110,153.38460362200
20070829_EBMO05_132.JPG,-27.36483603740,153.38464315400
20070829_EBMO05_133.JPG,-27.36483345690,153.38469501900
20070829_EBMO05_134.JPG,-27.36484795540,153.38474107700
20070829_EBMO05_135.JPG,-27.36484862220,153.38476120200
20070829_EBMO05_136.JPG,-27.36485314750,153.38478983400
20070829_EBMO05_137.JPG,-27.36486028240,153.38482161000
20070829_EBMO05_138.JPG,-27.36487217860,153.38486189600
20070829_EBMO05_139.JPG,-27.36487270760,153.38489921100
20070829_EBMO05_140.JPG,-27.36488102830,153.38495930300
20070829_EBMO05_141.JPG,-27.36489147500,153.38500140500
20070829_EBMO05_142.JPG,-27.36490670750,153.38504311800
20070829_EBMO05_143.JPG,-27.36492267150,153.38508149700
20070829_EBMO05_144.JPG,-27.36492897930,153.38511852800
20070829_EBMO05_145.JPG,-27.36493882450,153.38518226700
20070829_EBMO05_146.JPG,-27.36493614310,153.38520521100
20070829_EBMO05_147.JPG,-27.36493631610,153.38520794200
20070829_EBMO05A_001.JPG,-27.36325307090,153.37478254900
20070829_EBMO05A_002.JPG,-27.36319362360,153.37479852800
20070829_EBMO05A_003.JPG,-27.36317590590,153.37477339100
20070829_EBMO05A_004.JPG,-27.36316968020,153.37477205600
20070829_EBMO05A_005.JPG,-27.36315372760,153.37476199100
20070829_EBMO05A_006.JPG,-27.36311782220,153.37475226400
20070829_EBMO05A_007.JPG,-27.36308640170,153.37475337200
20070829_EBMO05A_008.JPG,-27.36306063930,153.37476552000
20070829_EBMO05A_009.JPG,-27.36303297580,153.37477958400
20070829_EBMO05A_010.JPG,-27.36300707670,153.37480902200
20070829_EBMO05A_011.JPG,-27.36298423590,153.37484261700
20070829_EBMO05A_012.JPG,-27.36296030680,153.37487802800
20070829_EBMO05A_013.JPG,-27.36293202430,153.37492090800
20070829_EBMO05A_014.JPG,-27.36289840740,153.37496670100
20070829_EBMO05A_015.JPG,-27.36286807660,153.37499905700
20070829_EBMO05A_016.JPG,-27.36284213480,153.37504437100
20070830_EBAM01_001.JPG,-27.42625118970,153.40334205300
20070830_EBAM01_002.JPG,-27.42617851550,153.40290482000
20070830_EBAM01_003.JPG,-27.42601639080,153.39764836200
20070830_EBAM01_004.JPG,-27.42618379600,153.39770197700
20070830_EBAM01_005.JPG,-27.42620931960,153.39774253800
20070830_EBAM01_006.JPG,-27.42622528380,153.39774785600
20070830_EBAM01_007.JPG,-27.42624808380,153.39776210200
20070830_EBAM01_008.JPG,-27.42627665990,153.39777697600
20070830_EBAM01_009.JPG,-27.42629837570,153.39779152100
20070830_EBAM01_010.JPG,-27.42631991290,153.39780535800
20070830_EBAM01_011.JPG,-27.42635449810,153.39783411400
20070830_EBAM01_012.JPG,-27.42637441550,153.39784612400
20070830_EBAM01_013.JPG,-27.42640135300,153.39786574700
20070830_EBAM01_014.JPG,-27.42643195980,153.39789661400
20070830_EBAM01_015.JPG,-27.42645652340,153.39792553700
20070830_EBAM01_016.JPG,-27.42648656370,153.39796510200
20070830_EBAM01_017.JPG,-27.42651880130,153.39799395100
20070830_EBAM01_018.JPG,-27.42654483250,153.39801478500
20070830_EBAM01_019.JPG,-27.42657490920,153.39804160300
20070830_EBAM01_020.JPG,-27.42661723080,153.39807999900
20070830_EBAM01_021.JPG,-27.42665460380,153.39811250900
20070830_EBAM01_022.JPG,-27.42669817370,153.39815637200
20070830_EBAM01_023.JPG,-27.42672626590,153.39818257600
20070830_EBAM01_024.JPG,-27.42675347360,153.39820240300
20070830_EBAM01_025.JPG,-27.42677976380,153.39822738600
20070830_EBAM01_026.JPG,-27.42680029060,153.39824729000
20070830_EBAM01_027.JPG,-27.42680090780,153.39825245200
20070830_EBAM01_028.JPG,-27.42682788050,153.39829129800
20070830_EBAM01_029.JPG,-27.42687578140,153.39833598700
20070830_EBAM01_030.JPG,-27.42690990200,153.39836929500
20070830_EBAM01_031.JPG,-27.42691963590,153.39837499500
20070830_EBAM01_032.JPG,-27.42694872490,153.39839988700
20070830_EBAM01_033.JPG,-27.42697366580,153.39842314600
20070830_EBAM01_034.JPG,-27.42698788320,153.39843948600
20070830_EBAM01_035.JPG,-27.42701026500,153.39847366200
20070830_EBAM01_036.JPG,-27.42702832560,153.39850357400
20070830_EBAM01_037.JPG,-27.42704133320,153.39853255600
20070830_EBAM01_038.JPG,-27.42704147880,153.39854479900
20070830_EBAM01_039.JPG,-27.42708199550,153.39858288500
20070830_EBAM01_040.JPG,-27.42710820430,153.39860473200
20070830_EBAM01_041.JPG,-27.42712828460,153.39862291400
20070830_EBAM01_042.JPG,-27.42714186860,153.39863975800
20070830_EBAM01_043.JPG,-27.42716085450,153.39866178100
20070830_EBAM01_044.JPG,-27.42719210550,153.39868830000
20070830_EBAM01_045.JPG,-27.42722174280,153.39871086700
20070830_EBAM01_046.JPG,-27.42724497210,153.39873280400
20070830_EBAM01_047.JPG,-27.42727694620,153.39875902200
20070830_EBAM01_048.JPG,-27.42732196840,153.39876849200
20070830_EBAM01_049.JPG,-27.42735807450,153.39880200900
20070830_EBAM01_050.JPG,-27.42738411460,153.39881970700
20070830_EBAM01_051.JPG,-27.42741498530,153.39885290200
20070830_EBAM01_052.JPG,-27.42745117500,153.39888874700
20070830_EBAM01_053.JPG,-27.42749747580,153.39892462800
20070830_EBAM01_054.JPG,-27.42752972710,153.39894862200
20070830_EBAM01_055.JPG,-27.42756429810,153.39898223500
20070830_EBAM01_056.JPG,-27.42760836890,153.39900869900
20070830_EBAM01_057.JPG,-27.42764674690,153.39903696400
20070830_EBAM01_058.JPG,-27.42767367350,153.39906033100
20070830_EBAM01_059.JPG,-27.42771304080,153.39908991400
20070830_EBAM01_060.JPG,-27.42775965210,153.39911193600
20070830_EBAM01_061.JPG,-27.42779849970,153.39913382800
20070830_EBAM01_062.JPG,-27.42781868900,153.39914543500
20070830_EBAM01_063.JPG,-27.42786310170,153.39917857700
20070830_EBAM01_064.JPG,-27.42789336310,153.39920387900
20070830_EBAM01_065.JPG,-27.42790549060,153.39922486600
20070830_EBAM01_066.JPG,-27.42791601810,153.39923714600
20070830_EBAM01_067.JPG,-27.42793219640,153.39926229600
20070830_EBAM01_068.JPG,-27.42794879000,153.39929999300
20070830_EBAM01_069.JPG,-27.42798551590,153.39936922800
20070830_EBAM01_070.JPG,-27.42800439520,153.39939691600
20070830_EBAM01_071.JPG,-27.42802893410,153.39943433800
20070830_EBAM01_072.JPG,-27.42807361650,153.39940485500
20070830_EBAM01_073.JPG,-27.42808796770,153.39943748500
20070830_EBAM01_074.JPG,-27.42810821910,153.39945890600
20070830_EBAM01_075.JPG,-27.42811968980,153.39948859200
20070830_EBAM01_076.JPG,-27.42813292950,153.39953103200
20070830_EBAM01_077.JPG,-27.42814137540,153.39957659100
20070830_EBAM01_078.JPG,-27.42813349400,153.39961753900
20070830_EBAM01_079.JPG,-27.42813060570,153.39961732600
20070830_EBAM01_080.JPG,-27.42812615710,153.39962601100
20070830_EBAM01_081.JPG,-27.42813277970,153.39964627000
20070830_EBAM01_082.JPG,-27.42816233880,153.39969605400
20070830_EBAM01_083.JPG,-27.42819306740,153.39971579300
20070830_EBAM01_084.JPG,-27.42823499540,153.39973385200
20070830_EBAM01_085.JPG,-27.42827836150,153.39975414200
20070830_EBAM01_086.JPG,-27.42831370880,153.39976883900
20070830_EBAM01_087.JPG,-27.42835012430,153.39978880000
20070830_EBAM01_088.JPG,-27.42837904300,153.39981005000
20070830_EBAM01_089.JPG,-27.42840725620,153.39982542900
20070830_EBAM01_090.JPG,-27.42843056720,153.39985030100
20070830_EBAM01_091.JPG,-27.42846236020,153.39987662000
20070830_EBAM01_092.JPG,-27.42849524530,153.39989990800
20070830_EBAM01_093.JPG,-27.42852938560,153.39992623600
20070830_EBAM01_094.JPG,-27.42856239980,153.39996743200
20070830_EBAM01_095.JPG,-27.42859614420,153.40000590000
20070830_EBAM01_096.JPG,-27.42862666400,153.40003545200
20070830_EBAM01_097.JPG,-27.42864882190,153.40005313600
20070830_EBAM01_098.JPG,-27.42868552070,153.40006874800
20070830_EBAM01_099.JPG,-27.42871679760,153.40008616200
20070830_EBAM01_100.JPG,-27.42874871800,153.40009953100
20070830_EBAM01_101.JPG,-27.42877718290,153.40012158900
20070830_EBAM01_102.JPG,-27.42880174380,153.40015132200
20070830_EBAM01_103.JPG,-27.42883228250,153.40017429800
20070830_EBAM01_104.JPG,-27.42886801220,153.40021297500
20070830_EBAM01_105.JPG,-27.42888340830,153.40022749900
20070830_EBAM01_106.JPG,-27.42891149550,153.40025532300
20070830_EBAM01_107.JPG,-27.42893129280,153.40027765300
20070830_EBAM01_108.JPG,-27.42894811030,153.40030017500
20070830_EBAM01_109.JPG,-27.42896437710,153.40032583100
20070830_EBAM01_110.JPG,-27.42900495030,153.40034408800
20070830_EBAM01_111.JPG,-27.42902236120,153.40034860200
20070830_EBAM01_112.JPG,-27.42906429350,153.40036514400
20070830_EBAM01_113.JPG,-27.42908818500,153.40037646100
20070830_EBAM01_114.JPG,-27.42911388930,153.40038525500
20070830_EBAM01_115.JPG,-27.42914635400,153.40039771600
20070830_EBAM01_116.JPG,-27.42917068700,153.40041247400
20070830_EBAM01_117.JPG,-27.42920258910,153.40043221700
20070830_EBAM01_118.JPG,-27.42923215730,153.40044729800
20070830_EBAM01_119.JPG,-27.42925911010,153.40046145900
20070830_EBAM01_120.JPG,-27.42928359980,153.40048451400
20070830_EBAM01_121.JPG,-27.42931286580,153.40051052100
20070830_EBAM01_122.JPG,-27.42933301020,153.40053770900
20070830_EBAM01_123.JPG,-27.42936092030,153.40056431800
20070830_EBAM01_124.JPG,-27.42938317680,153.40057906900
20070830_EBAM01_125.JPG,-27.42940975130,153.40059919800
20070830_EBAM01_126.JPG,-27.42943415710,153.40062002800
20070830_EBAM01_127.JPG,-27.42946525360,153.40063734000
20070830_EBAM01_128.JPG,-27.42949084090,153.40065544200
20070830_EBAM01_129.JPG,-27.42951733960,153.40067051200
20070830_EBAM01_130.JPG,-27.42953977640,153.40068536400
20070830_EBAM01_131.JPG,-27.42954364360,153.40069053800
20070830_EBAM02_001.JPG,-27.43866269130,153.39501318500
20070830_EBAM02_002.JPG,-27.43854915530,153.39560552300
20070830_EBAM02_003.JPG,-27.43858265660,153.39560281000
20070830_EBAM02_004.JPG,-27.43865408550,153.39559638600
20070830_EBAM02_005.JPG,-27.43871438010,153.39560054700
20070830_EBAM02_006.JPG,-27.43875963800,153.39562246400
20070830_EBAM02_007.JPG,-27.43880727580,153.39563285300
20070830_EBAM02_008.JPG,-27.43883996890,153.39562861900
20070830_EBAM02_009.JPG,-27.43888584970,153.39562190200
20070830_EBAM02_010.JPG,-27.43891621020,153.39561249900
20070830_EBAM02_011.JPG,-27.43895892640,153.39560749100
20070830_EBAM02_012.JPG,-27.43899948770,153.39559832600
20070830_EBAM02_013.JPG,-27.43904177830,153.39558421000
20070830_EBAM02_014.JPG,-27.43909408330,153.39557245600
20070830_EBAM02_015.JPG,-27.43913192620,153.39556682400
20070830_EBAM02_016.JPG,-27.43916272170,153.39556319000
20070830_EBAM02_017.JPG,-27.43920103180,153.39555199300
20070830_EBAM02_018.JPG,-27.43924016730,153.39553624700
20070830_EBAM02_019.JPG,-27.43926284520,153.39552995300
20070830_EBAM02_020.JPG,-27.43929139490,153.39552236500
20070830_EBAM02_021.JPG,-27.43933502590,153.39551311000
20070830_EBAM02_022.JPG,-27.43936402330,153.39550683900
20070830_EBAM02_023.JPG,-27.43939392950,153.39549844600
20070830_EBAM02_024.JPG,-27.43942968850,153.39549543600
20070830_EBAM02_025.JPG,-27.43947014980,153.39548971200
20070830_EBAM02_026.JPG,-27.43951522160,153.39548177800
20070830_EBAM02_027.JPG,-27.43955063900,153.39547188600
20070830_EBAM02_028.JPG,-27.43958758090,153.39546564300
20070830_EBAM02_029.JPG,-27.43960872370,153.39545944500
20070830_EBAM02_030.JPG,-27.43963275580,153.39545315600
20070830_EBAM02_031.JPG,-27.43966075810,153.39544759000
20070830_EBAM02_032.JPG,-27.43968894270,153.39544141700
20070830_EBAM02_033.JPG,-27.43971830810,153.39543271800
20070830_EBAM02_034.JPG,-27.43975679180,153.39542395100
20070830_EBAM02_035.JPG,-27.43978922150,153.39541708500
20070830_EBAM02_036.JPG,-27.43981982920,153.39541597900
20070830_EBAM02_037.JPG,-27.43984864690,153.39540940400
20070830_EBAM02_038.JPG,-27.43988233900,153.39540304800
20070830_EBAM02_039.JPG,-27.43991133490,153.39539728300
20070830_EBAM02_040.JPG,-27.43993653430,153.39539322400
20070830_EBAM02_041.JPG,-27.43996463150,153.39538603900
20070830_EBAM02_042.JPG,-27.43999335020,153.39538249800
20070830_EBAM02_043.JPG,-27.44002387400,153.39537916700
20070830_EBAM02_044.JPG,-27.44005954960,153.39537372900
20070830_EBAM02_045.JPG,-27.44008810080,153.39536563400
20070830_EBAM02_046.JPG,-27.44012196940,153.39536069600
20070830_EBAM02_047.JPG,-27.44015086560,153.39535826900
20070830_EBAM02_048.JPG,-27.44018708490,153.39535212400
20070830_EBAM02_049.JPG,-27.44021146660,153.39534988400
20070830_EBAM02_050.JPG,-27.44024191680,153.39534068300
20070830_EBAM02_051.JPG,-27.44027100330,153.39533481700
20070830_EBAM02_052.JPG,-27.44029105020,153.39533306700
20070830_EBAM02_053.JPG,-27.44031427320,153.39532556100
20070830_EBAM02_054.JPG,-27.44033422670,153.39532492400
20070830_EBAM02_055.JPG,-27.44036149950,153.39532188400
20070830_EBAM02_056.JPG,-27.44036502040,153.39532189700
20070830_EBAM02_057.JPG,-27.44036690680,153.39532524300
20070830_EBAM02_058.JPG,-27.44039013090,153.39531733200
20070830_EBAM02_059.JPG,-27.44041785230,153.39531530500
20070830_EBAM02_060.JPG,-27.44044358850,153.39531296900
20070830_EBAM02_061.JPG,-27.44047547500,153.39530660600
20070830_EBAM02_062.JPG,-27.44050627050,153.39530297200
20070830_EBAM02_063.JPG,-27.44053471870,153.39529933000
20070830_EBAM02_064.JPG,-27.44056687120,153.39529468800
20070830_EBAM02_065.JPG,-27.44059198690,153.39528830200
20070830_EBAM02_066.JPG,-27.44061240090,153.39528442800
20070830_EBAM02_067.JPG,-27.44063714890,153.39528036800
20070830_EBAM02_068.JPG,-27.44065719960,153.39527730300
20070830_EBAM02_069.JPG,-27.44068564410,153.39527497500
20070830_EBAM02_070.JPG,-27.44070406370,153.39527402900
20070830_EBAM02_071.JPG,-27.44073242190,153.39527028500
20070830_EBAM02_072.JPG,-27.44075075270,153.39526883300
20070830_EBAM02_073.JPG,-27.44077857930,153.39526154500
20070830_EBAM02_074.JPG,-27.44079961670,153.39526070900
20070830_EBAM02_075.JPG,-27.44082118940,153.39526210200
20070830_EBAM02_076.JPG,-27.44084855540,153.39525805100
20070830_EBAM02_077.JPG,-27.44086623620,153.39526297100
20070830_EBAM02_078.JPG,-27.44089225180,153.39525759900
20070830_EBAM02_079.JPG,-27.44091158220,153.39525382300
20070830_EBAM02_080.JPG,-27.44093072950,153.39525095700
20070830_EBAM02_081.JPG,-27.44095899170,153.39524923600
20070830_EBAM02_082.JPG,-27.44098311260,153.39524345300
20070830_EBAM02_083.JPG,-27.44100757680,153.39524394500
20070830_EBAM02_084.JPG,-27.44102347980,153.39523904300
20070830_EBAM02_085.JPG,-27.44105391650,153.39523459900
20070830_EBAM02_086.JPG,-27.44107261490,153.39523082000
20070830_EBAM02_087.JPG,-27.44108986260,153.39522926200
20070830_EBAM02_088.JPG,-27.44110874650,153.39522376400
20070830_EBAM02_089.JPG,-27.44113140840,153.39522313700
20070830_EBAM02_090.JPG,-27.44116057250,153.39522172300
20070830_EBAM02_091.JPG,-27.44117313610,153.39521650600
20070830_EBAM02_092.JPG,-27.44119896970,153.39521164000
20070830_EBAM02_093.JPG,-27.44122065360,153.39520564600
20070830_EBAM02_094.JPG,-27.44123528900,153.39520205500
20070830_EBAM02_095.JPG,-27.44125796200,153.39519748100
20070830_EBAM02_096.JPG,-27.44127196460,153.39519419200
20070830_EBAM02_097.JPG,-27.44129490560,153.39519063100
20070830_EBAM02_098.JPG,-27.44131304460,153.39519312400
20070830_EBAM02_099.JPG,-27.44133481400,153.39518885100
20070830_EBAM02_100.JPG,-27.44135057230,153.39517130000
20070830_EBAM06_01.JPG,-27.46167218830,153.37759133700
20070830_EBAM06_02.JPG,-27.46169961450,153.37769810200
20070830_EBAM06_03.JPG,-27.46172894130,153.37773645800
20070830_EBAM06_04.JPG,-27.46176099610,153.37776763800
20070830_EBAM06_05.JPG,-27.46179821470,153.37779215500
20070830_EBAM06_06.JPG,-27.46182877590,153.37780814900
20070830_EBAM06_07.JPG,-27.46185734050,153.37782798200
20070830_EBAM06_08.JPG,-27.46189355840,153.37785533000
20070830_EBAM06_09.JPG,-27.46193096120,153.37787853200
20070830_EBAM06_10.JPG,-27.46196537270,153.37790617800
20070830_EBAM06_11.JPG,-27.46199754100,153.37792875500
20070830_EBAM06_12.JPG,-27.46203395260,153.37795124600
20070830_EBAM06_13.JPG,-27.46207297130,153.37797779400
20070830_EBAM06_14.JPG,-27.46210675000,153.37800574100
20070830_EBAM06_15.JPG,-27.46213638310,153.37803104300
20070830_EBAM06_16.JPG,-27.46216638060,153.37805513100
20070830_EBAM06_17.JPG,-27.46219899010,153.37808145500
20070830_EBAM06_18.JPG,-27.46223836820,153.37810861100
20070830_EBAM06_19.JPG,-27.46226583960,153.37813208400
20070830_EBAM06_20.JPG,-27.46229890840,153.37815547400
20070830_EBAM06_21.JPG,-27.46232999140,153.37817875700
20070830_EBAM06_22.JPG,-27.46233124980,153.37818078500
20070830_EBAM06_23.JPG,-27.46233332730,153.37818038800
20070830_EBAM06_24.JPG,-27.46235737300,153.37820202700
20070830_EBAM06_25.JPG,-27.46239177950,153.37823149400
20070830_EBAM06_26.JPG,-27.46243169700,153.37825946200
20070830_EBAM06_27.JPG,-27.46245835310,153.37828394400
20070830_EBAM06_28.JPG,-27.46249040600,153.37831573100
20070830_EBAM06_29.JPG,-27.46252545960,153.37833963500
20070830_EBAM06_30.JPG,-27.46256357180,153.37836749600
20070830_EBAM06_31.JPG,-27.46259886460,153.37840303900
20070830_EBAM06_32.JPG,-27.46263652740,153.37843019000
20070830_EBAM06_33.JPG,-27.46266453560,153.37845538500
20070830_EBAM06_34.JPG,-27.46269650490,153.37848474300
20070830_EBAM06_35.JPG,-27.46273370740,153.37851513100
20070830_EBAM06_36.JPG,-27.46276195490,153.37855196500
20070830_EBAM06_37.JPG,-27.46279221070,153.37858060900
20070830_EBAM06_38.JPG,-27.46282679990,153.37860926800
20070830_EBAM06_39.JPG,-27.46285020370,153.37863454800
20070830_EBAM06_40.JPG,-27.46287900540,153.37866673000
20070830_EBAM06_41.JPG,-27.46290560880,153.37871054200
20070830_EBAM06_42.JPG,-27.46292787800,153.37875464300
20070830_EBAM06_43.JPG,-27.46296361220,153.37879383200
20070830_EBAM06_44.JPG,-27.46300557600,153.37883283900
20070830_EBAM06_45.JPG,-27.46303021780,153.37886763700
20070830_EBAM06_46.JPG,-27.46306423800,153.37890631400
20070830_EBAM06_47.JPG,-27.46309573140,153.37894457700
20070830_EBAM06_48.JPG,-27.46312848630,153.37898375500
20070830_EBAM06_49.JPG,-27.46316106230,153.37902232500
20070830_EBAM06_50.JPG,-27.46319941310,153.37906202800
20070830_EBAM06_51.JPG,-27.46322403960,153.37910239300
20070830_EBAM06_52.JPG,-27.46325862950,153.37913074900
20070830_EBAM06_53.JPG,-27.46329131170,153.37916344900
20070830_EBAM06_54.JPG,-27.46332716900,153.37919049300
20070830_EBAM06_55.JPG,-27.46336401910,153.37921764200
20070830_EBAM06_56.JPG,-27.46339415450,153.37925731700
20070830_EBAM06_57.JPG,-27.46342671440,153.37930175800
20070830_EBAM06_58.JPG,-27.46346496100,153.37934652200
20070830_EBAM06_59.JPG,-27.46349940990,153.37939349900
20070830_EBAM06_60.JPG,-27.46353298100,153.37943126300
20070830_EBAM06_61.JPG,-27.46356634510,153.37947874300
20070830_EBAM06_62.JPG,-27.46360110940,153.37950932500
20070830_EBAM06_63.JPG,-27.46364234860,153.37954914000
20070830_EBAM06_64.JPG,-27.46367330660,153.37958507400
20070830_EBAM06_65.JPG,-27.46370092260,153.37962160300
20070830_EBAM06_66.JPG,-27.46373469350,153.37965228400
20070830_EBAM06_67.JPG,-27.46376710310,153.37968559100
20070830_EBAM06_68.JPG,-27.46380115260,153.37971343900
20070830_EBAM06_69.JPG,-27.46383492540,153.37974341100
20070830_EBAM06_70.JPG,-27.46388441520,153.37977030000
20070830_EBAM06_71.JPG,-27.46391412220,153.37980147300
20070830_EBAM06_72.JPG,-27.46395197190,153.37982619600
20070830_EBAM06_73.JPG,-27.46395511500,153.37983227900
20070830_EBAM06_74.JPG,-27.46395510680,153.37983531500
20070830_EBAM06_75.JPG,-27.46398347640,153.37986031000
20070830_EBAM06_76.JPG,-27.46402106110,153.37988290700
20070830_EBAM06_77.JPG,-27.46405598980,153.37991936100
20070830_EBAM06_78.JPG,-27.46409087330,153.37993931700
20070830_EBAM06_79.JPG,-27.46412910590,153.37995604600
20070830_EBAM06_80.JPG,-27.46416489680,153.37997428500
20070830_EBAM06_81.JPG,-27.46419734720,153.37999261400
20070830_EBAM06_82.JPG,-27.46423107160,153.38000720300
20070830_EBAM06_83.JPG,-27.46426993200,153.38002545200
20070830_EBAM06_84.JPG,-27.46431223370,153.38003976700
20070830_EBAM06_85.JPG,-27.46435047460,153.38005346000
20070830_EBAM06_86.JPG,-27.46438063680,153.38008321700
20070830_EBAM06_87.JPG,-27.46441479710,153.38010347500
20070830_EBAM06_88.JPG,-27.46445032160,153.38012009400
20070830_EBAM06_89.JPG,-27.46448344730,153.38012253500
20070830_EBAM06_90.JPG,-27.46451646560,153.38013125100
20070830_EBAM06_91.JPG,-27.46454001790,153.38013507700
20070830_EBAM06_92.JPG,-27.46454134060,153.38014661900
20070830_EBAM06_93.JPG,-27.46454639610,153.38014663700
20070830_EBAM06_94.JPG,-27.46458776310,153.38013959300
20070830_EBAM06_95.JPG,-27.46460471570,153.38014683700
20070830_EBAM06_96.JPG,-27.46475522400,153.38014188800
20070830_EBAM06_97.JPG,-27.46481931650,153.38004464300
20070830_EBAM06_98.JPG,-27.46485606650,153.38007533400
